title,category
"국힘 ""투표용지 부족 사태, 국조·특검해야""…개혁신당 가세",Politics
예상 투표율 높았지만‥용지 덜 찍고 배분도 실패,Politics
"李대통령, 9∼18일 유럽 순방길…프랑스 G7 정상회의 참석",Politics
김민석 당권 도전 초읽기… 강훈식·정성호·김정관 주목,Politics
"민주당 ""여당으로서 법사위원장 반드시 민주당이 맡아야""",Politics
"국힘 송언석, 원내대표직 사퇴…""당에 새 출발 필요""",Politics
"조국 ""당 대표직 물러나겠다…6·3 지방선거 결과에 책임""",Politics
"장동혁 ""선관위 개혁 특위 구성해야…책임 끝까지 묻겠다""",Politics
"차기 총리 지명 임박했나…총리실, 인사청문회 준비단 구성",Politics
"동포청 출범 3주년…김경협 청장 ""예산 증액·통합 플랫폼 구축""[동포의 창]",Politics
"금배지 달고 돌아온 한동훈 ""복당? 아직 고민할 단계 아니야""",Politics
"거세지는 장동혁 책임론…일각 ""결단 안하면 끌려내려올 것""(종합)",Politics
불붙은 민주당 '당권 삼국지'…전리품은 2028년 총선 공천권,Politics
"장동혁, 선거 이틀 후 ""개표 중지시켰어야""…돌연 강경투쟁 나선 배경은?",Politics
"투표용지 사태 총공세...김 총리 ""필요하면 특검""",Politics
"배현진 “투표용지 부족 사태, 장동혁 선거 참패 지우개 될 수 없어”",Politics
"갈라진 국민의힘…""그나마 선전"" vs ""지도부, 도움 안 돼""",Politics
"김민석 당권 도전 기다리는 송영길, 그의 복귀 축하한 김민석",Politics
한동훈 “시민의 힘으로 돌아와” 송영길 “20·30 민심 얻어야”,Politics
지방 선거 여당 압승·국회의원 재보선 야당 선전...여야 대표 '책임론' 분출,Politics
"송언석 국민의힘 원내대표 전격 사퇴…""당 새출발 필요""",Politics
"[영상] 서병수, ‘사퇴 일축’ 국힘 장동혁 체제에 “오래 못 가”",Politics
"""李 이름만 팔았다"" 쓴소리에도…전대 앞두고 또 '명심 경쟁'",Politics
"울컥한 송언석, 전격 사퇴…국힘 차기 원내대표에 '한동훈 복당' 달렸다",Politics
'中뒷배' 바라는 北…7년만의 시진핑 방북에 최고예우 준비,Politics
"투표용지 부족 사태, '고의 아니냐' 음모론 제기한 조선일보",Politics
"""대통령 지지율이 60% 넘는데""…與 지방선거 '패배 책임론' 부글",Politics
장동혁 “군사 작전하듯 투표함 들고 나와…참관인 한 명 없이 옮겨​”,Politics
"송언석, 국힘 원내대표직 사퇴...'퇴진 압박' 장동혁 이틀 연속 의총 불참",Politics
"국회 입성한 한동훈 ""다시 그날로 가도 같은 길""…복당은 '속도 조절'",Politics
"""결국 공권력 투입해 투표함 빼내..."" 납득 어려운 선관위 변명들 [이슈톺]",Politics
선거 결과에 웃고 울고…희비 갈린 靑 참모들,Politics
‘李대통령 방’ 818호에 송영길 입성…친한계 의원방 옆에 둥지 튼 한동훈,Politics
"한동훈 의원사무실, 친한계와 같은 층에 배정됐다",Politics
"“비굴함이 가슴에 맺혀”…눈물 보인 송언석, 원내대표 사퇴",Politics
"잠실 개표소까지 달려간 장동혁…""선관위원 전원 거부 시 즉각 탄핵""",Politics
"""2030 여성, 서울서 與 등져""...전문가가 지적한 선거 전략 [Y녹취록]",Politics
"장동혁, 선관위 항의방문...김 총리 ""필요하면 특검·국조""",Politics
"국힘의 모장무싸? '12대 4' 참패에도 장동혁 ""희망의 불씨""…당내에선 사퇴 요구 분출",Politics
'李 사무실' 자리잡은 송영길..당권가도 달린다,Politics
이제는 '해석 전쟁'…9월 전대 앞두고 '명청 대전' 시즌2 열리나,Politics
"[단독] '당심만만' 장동혁, 재신임투표 하나",Politics
‘李대통령 방’ 받은 송영길…친한계와 한층서 둥지 튼 한동훈,Politics
"지선 끝 '장동혁 사퇴론' 분출…張, 투표소 시위대 찾아 ""함께 싸우겠다""",Politics
일진과도 맞짱 뜬 ‘고1 한동훈’…금목걸이 장발로 서울대 뒤집다,Politics
송파 개표소 진입 막힌 장동혁 “싸우겠다”...배현진은 “선거 패배 책임 방기 시도”,Politics
PwC컨설팅 조직 개편 단행…신임 대표에 임기호 파트너,Economic
"골드만삭스 ""스페이스X AI 매출 494조원 전망""…IPO 몸값 뒷받침",Economic
피싱 피해금 '코인 세탁' 막는다…경찰청-5대 거래소 맞손,Economic
"젠슨 황 ""한국에 '깜짝 선물' 있다""...페이커 만남→'삼소' 회동 광폭 행보",Economic
"'깐부' 이어 '삼소'…젠슨 황, 오늘 홍대서 재계 총수 회동",Economic
"""제주서 6억 미만 '준공후 미분양' 사면 다주택자 취득세 중과 제외""",Economic
"딸기 수출 16.6% 증가…aT, 사계절 생산기술 확대 나선다",Economic
"에이피알, 첫 지속가능경영보고서 발간…“글로벌 ESG 경영 체제 구축”",Economic
"아침부터 오픈런, 빈자리 없이 빼곡…“뒤에 서서라도 들을래요” [비트코인 서울 2026]",Economic
"삼성 초기업노조, 과반노조 지위 상실…1만8천명 이탈",Economic
韓 AI인프라·로봇 투자하나…젠슨 황이 예고한 '깜짝 선물' 뭘까,Economic
"'브로드컴 쇼크'·외인 3.5조원 매도… 코스피, 8100선 지키며 마감",Economic
"젠슨 황, 재계 총수보다 '이 사람'부터 만났다…누구?",Economic
"'검은 금요일' 코스피, 5.54% 급락한 8160선 마감…'천스닥' 턱걸이",Economic
9시간 전부터 대기줄…젠슨 황 ‘홍대 삼쏘 회동’ 앞두고 구름인파 모였다,Economic
트럼프·푸틴 이어 김정은…치밀하게 짜인 시진핑의 '북한 행보' [차이나 워치],Economic
‘브로드컴 쇼크’에 반도체 고점론 부상…코스피 5%대 추락,Economic
"""美 관리들, 대중국 첨단 칩 수출제한 조치에 허점 우려""",Economic
"젠슨 황, 페이커 포즈 ‘쉿’ 취했다... 홍대 PC방 회동",Economic
"정의선, 젠슨 황 '삼소회동' 불참…오는 8일 개별 만남",Economic
"환율 급등 원흉, 서학개미서 외국인으로 바뀌었다",Economic
‘검은 금요일’ 코스피 5%대 급락해 8160 마감…코스닥도 4.5% 내려,Economic
'검은 금요일' 코스피·코스닥 '와르르'…환율 1539원 마감,Economic
"“몇 분 만에 완판”…미래에셋증권, 스페이스X 공모주 1차 청약 조기마감",Economic
"[오늘증시]외인 3.5조 탈출 코스피, 8160까지 밀렸다…환율 1539.1원",Economic
"주주 설득 나선 휴온스글로벌 ""불법 없어…배당으로 보답""",Economic
"""반도체 중심 사업 재편 속도""…한솔테크닉스, 오창공장 640억 매각",Economic
[경제 포커스] 外人 주식 70조 팔았는데 비중은 오히려 늘어… ‘리밸런싱’에 고환율 지속,Economic
젠슨 황 “한국 제조업·AI 강점 커…R&D센터 채용 시작”,Economic
"젠슨 황 방한에도…8100선 위협받은 코스피, 약세 마감",Economic
"젠슨 황 ""삼성·SK HBM4 퀄테스트 통과…'베라 루빈' 공급 경쟁""",Economic
"""알러뷰 젠슨!""…BTS급 환호 쏟아진 김포공항 [젠슨황 2차 깐부회동]",Economic
젠슨 황이 마실 소주는?…주류업계 영업사원 총출동,Economic
"정의선 회장, '삼소 회동' 불참…8일 양재서 젠슨 황 만난다",Economic
'깐부' 이어 '형님'에 담긴 메시지…젠슨 황의 선택 이유는,Economic
"[마켓뷰] 검은 금요일… 코스피 5% 폭락, ‘천스닥’ 겨우 지켜",Economic
美 반도체 부진에 삼성전자 6%↓SK하이닉스 9%↓[핫스탁](종합),Economic
코스피 5.54% 급락하며 8160.59 마감... 코스닥도 하락,Economic
올겨울 가스비 시름 던다?…캐나다 LNG 온다,Economic
미 반도체 쇼크·외인 투매에 코스피 급락…아시아 증시 중 낙폭 최대,Economic
전쟁·외국인 매도세에 환율 1539.1원…금융위기 수준으로 치솟아,Economic
"젠슨 황, 어떤 '소맥' 마실까?…'테슬라' '카스처럼' 물밑 경쟁",Economic
'검은 금요일' 8300선 붕괴…환율 1550원 위협,Economic
"최태원-젠슨 황, 7개월간 6번 만나…'AI 동맹' 탄력",Economic
"""초심"" 말하며 공백 깬 백종원...'반토막' 더본코리아 냉기는 여전",Economic
"삼성중공업, 해양플랜트 ‘시더 FLNG’ 성공적 진수… “3기 동시 건조는 세계 최초”",Economic
"경찰, '투표용지 사태' 노태악 선관위원장 수사…""절차 따라 진행""",Social
‘투표용지 부족 위헌’ 헌법소원 접수... 일반 유권자가 청구,Social
수족구 환자 한 달새 5배↑…9월까지 주의해야,Social
"“해고 통보에 분노를 참지 못했다” 경찰, ‘LG전자 살인미수’ 협력업체 직원 구속 송치 [세상&]",Social
"‘수사 무마 대가’ 억대 뇌물 받은 경찰, 2심도 징역 6년",Social
"“모자란 집단과 일 못 해, 선관위 한명도 현장 안와”…송파구 공무원 ‘분통’",Social
한화에어로스페이스 폭발 사고 경찰·노동부 압수수색,Social
신종마약 '2C-B' 밀수책·수거책 '덜미'…마약 2차 저지선 제도 첫 성과,Social
"'깜깜이' 도수치료, 가격·횟수 등 제한",Social
이상민·김용현 나란히 특검 출석…윤석열은 내일 소환,Social
대리기사 매달고 달려 숨지게 한 만취 30대 징역 13년…유가족 충격,Social
송파구 개표 조금 전 마무리...개표 시작 5시간 만,Social
'사흘 대치' 잠실 투표함 반출...경찰 천여 명 투입,Social
"삼성중공업, 캐나다 연안에 투입될 '시더 FLNG' 진수…5만t급",Social
잠실 투표소 투표함 개표 완료…오세훈 당선 최종 확정,Social
‘4석의 굴욕’ 씻은 민주당…경남도의회 견제구도 부활,Social
"노동장관 ""반도체 초과 이익, 협력사 계약 단가 조정해 나눠야"" 첫 언급",Social
"경찰 ""투표함 반출 중 20대 대학생 의식불명 소문 사실 아냐""",Social
"당선증 받은 전재수 ""충직한 일꾼 되겠다""…민선 9기 '시정 대전환' 시동",Social
'여성 15명 불법 촬영' 혐의 전직 경찰관 실형…위수증 주장 불수용,Social
생각만 해도 ‘아찔’…오피스텔 12층서 40대 여성이 한 짓,Social
"성관계女 15명 100회 불법 촬영 경찰관, 징역 4년 선고",Social
"“해고 통보에 분노를 참지 못했다” 경찰, ‘LG전자 살인미수’ 협력업체 직원 구속 송치 [세상&]",Social
정청래 전북 유세에 기습 반대 시위…전북경찰청 직접 수사,Social
"이장우, 임기 20일 남기고 측근 승진 인사…대전시 공직사회 ’술렁’",Social
구형 30년→징역 13년…대리기사 매단 채 1.5㎞ 질주한 30대 실형,Social
대리기사 매달고 음주운전해 숨지게 한 30대 징역 13년,Social
"2억 받고 사건 무마한 경찰관, 2심서도 징역 6년",Social
대리기사 매달고 1.5㎞ 달려 살인…만취 30대 '징역13년',Social
"""사람부터 살려주소"" 영덕군민, 신규 원전 유치에 목숨 걸었다",Social
“벌써 가면 엄마는 어떡해” 한화에어로 사고 희생자 빈소 곳곳서 ‘오열’,Social
"송파 투표함 뒤늦게 개표…서울시의회 비례 국힘 +1명, 민주 -1명",Social
“투표 못 했는데 국가배상 받을까”… 투표용지 부족 사태 법정 가나,Social
"'전동차 납품지연' 다원시스 ""국가 계약해제 부당"" 가처분 신청",Social
"""12층서 전자레인지 쿵!"" 보행자 옆 '날벼락'...40대 여성 체포",Social
"국힘 주진우, 선관위원장 경찰 고발…‘투표용지 부족’ 수사 본격화",Social
“동성애 받아들이면 삶이 불행”하다는 인권위 차별금지법 연구 책임자 [플랫],Social
이번엔 10대가 보복 대행?…아파트에 '래커칠·오물 투척',Social
"[단독] 서울 송파구청, 오전 11시부터 투표용지 부족 호소...선관위 ""100명분 남을 때까지 기다리라""",Social
"""우리 늑구, 잘 지냈니?… 재개장 첫날 두배 인파 몰린 대전 오월드",Social
"‘지혜복 교사 복직 농성’ 고진수 측, 법원의 방청인 제한에 재판 거부",Social
"제주 세쌍둥이 임신부 조산 위험에 대구로 헬기 이송… ""인력·치료 한계""",Social
"'대장동 아파트 특혜 의혹' 박영수 前 특검 딸, 정식재판 회부",Social
“내 가슴이 다 찢어지네”…아들 패딩에 ‘송곳 테러’ 당했는데 학교는 “증거 없다”,Social
서울 중·고교 11곳 남녀공학 전환 신청…박근혜 전 대통령 모교도 포함,Social
"""개 가죽 아니야?""…중고거래 사이트 올라온 올라온 러그 정체 논란",Social
"문체부, 한국문학 창작·번역 지원 확대…국립한국문학관 2027년 개관",Culture
"지커, 드디어 韓 상륙…5299만원 ‘7X’ 공개",Culture
"국내 연구진, 대장암 항암제 내성 원인 풀 실마리 찾았다",Culture
‘1001마력’ 아우디 누볼라리 공개…“제로백 2.6초 하이브리드 슈퍼카”,Culture
"폴스타, ‘2026 스웨덴 데이’서 폴스타4 디자인 경험 제공",Culture
"문체부·관광공사, '관광두레' 48곳 선정…최대 1억1천만원 지원",Culture
생물다양성의 보고 '한국의 갯벌 2단계' 세계유산 등재 유력,Culture
24시간 의사 대기…'이 병원' 소아응급센터 개소,Culture
“양말 신다가 극심한 통증” 강남 결국 촬영 중단…허리디스크 터졌다,Culture
근육 위해 먹지만… 단백질 보충제로는 한계 있어,Culture
"""콩물만 마셨는데 3kg 감량?"" 이소라, 직접 만든 '콩 스무디', 뭐 들었길래?",Culture
"아우디, 최고속도 350km 슈퍼카 '누볼라리' 공개…499대 한정",Culture
커피 마신 후 물에 흘려버린 ‘이것’… 싱크대 배관 꽉 막힌다고?,Culture
[날씨] 내일 현충일도 예년 초여름 날씨...일교차·너울 조심,Culture
“탄수화물 먹었더니 더 젊어져” 반전 결과…4주 만에 노화 되돌리는 식단,Culture
흐린 날엔 안 발라도 된다?…피부과 의사들이 답답해하는 선크림 상식,Culture
100세까지 건강하게 살고 싶다면?…장수 전문가들이 꼽은 7가지 아침 습관,Culture
"연세의료원 노조, 임금 8.1% 인상 요구… 작년 대비 눈높이 껑충",Culture
"""사용자 80% 급증"" GM의 '이 기술'…국내서도 통한 슈퍼크루즈",Culture
"'효도 유세' 끝낸 강릉시장 당선인 가수 아들…""본업으로 돌아가 증명할 것""",Culture
"최강 몽골군도 줄행랑, 인제 한계산성 개방 초읽기[함영훈의 멋·맛·쉼]",Culture
"""'이곳' 마사지하면 즉효""… 잇지 리아, 직접 밝힌 '직각 어깨' 만드는 법은?",Culture
"""버스 안에서 지릴 뻔""⋯기절까지 부르는 '급똥', 참는 법 따로 있다 [헬스+]",Culture
‘1001마력’ 아우디 누볼라리 공개…“제로백 2.6초 하이브리드 슈퍼카”,Culture
"파산 신청자에게 돌을 던져라, 車사고 내고 보험처리 안 할 사람만",Culture
논문 1편에 1700만원[김우재의 플라이룸 ](79),Culture
섬진강과 동진강을 가르는 고개에 서린 역사,Culture
[날씨] 오늘 맑고 초여름 날씨…주말 큰 더위 없어,Culture
"아우디, 첫 하이브리드 슈퍼카 '누볼라리' 공개…499대 한정 판매",Culture
"[단독] 고환율 못 버틴 BMW, 5시리즈 등 가격 인상… 520i는 130만원 올라",Culture
"""늑구 만나러 왔어요""…재개장 오월드 '북적'",Culture
[빵 굽는 타자기] 모두가 자신이 무가치해질까봐 싸우고 있다,Culture
"“염증 심해진다” 관절염 있는 사람, 섭취 줄여야 하는 음식은?",Culture
소변에 피 섞여 나오다 옆구리나 배가 아프면 병원 꼭 가세요,Culture
"""삼성전자 1000주 넘게 샀는데 완전 망했다""…""몇 억 날렸다"" 고백한 여배우",Culture
병원마다 달랐던 도수치료 가격…7월부터 4만원대로 표준화,Culture
"정의선 회장, 젠슨 황 '삼소 회동' 불참…8일 양재사옥에서 만날 듯",Culture
[신간] 잠들기 직전 짧은 시간의 중요성…'밤의 설계자',Culture
“끝났어?” 한마디에 싸늘…전문가가 꼽은 침대 위 최악의 금기어 [라이프+],Culture
"한숨만 나오던 스타벅스 카드, '전액 환불 신청' 해보니...",Culture
"아우디 첫 고성능 하이브리드 '누볼라리'…""499대 한정""",Culture
"“몸이 약했는데 가장 건강해”…93세 동창 모임에서 생긴 일,  이들이 지목한 사람은 누구?",Culture
"아우디, 역대 최강 수퍼카 ‘누볼라리’ 공개… 전 세계 499대 한정 생산",Culture
"가스 차고 배 아픈 사람, 전문가 추천 ‘6가지 음식’ 먹어봐요",Culture
미국 중재로 이스라엘·레바논 휴전했지만…양측 공격은 계속,World
"시진핑, 7년만에 북한 국빈방문…김정은 집권 후 두번째",World
미국 주식공모 과열 양상…140년된 은광도 뉴욕증시 상장,World
"일본, 2040년대까지 노후 원전 2~5기 재건축…AI 전력 수요 부응",World
"트럼프 ""건국 250주년 콘서트 대신 기념집회…가수들 필요없어""",World
"""트럼프 행정부, 오픈AI 등 AI기업들 지분 확보 검토""",World
"전직 주한美대사들 ""李정부가 反美? 동의못해…한미동맹가치 이해""",World
"이란 ""호르무즈 통행 시 수수료 징수""…美는 2차 제재 경고",World
쿠바에서는 이제 현금만…마스터·비자카드 결제 중단,World
"""美, 독일 토마호크 배치 철회 검토 중""",World
"우크라지원법 美하원 통과…""공화 18명 반기에 트럼프 또 타격""",World
"""이길 거야"" 되뇌지만… 이스라엘·이란 도발에 속수무책 트럼프",World
"""비트코인, 6개월 이내 70% 폭락 가능…장기적 50만 달러 전망""",World
"美, 獨에 병력 이어 토마호크 배치도 취소 검토",World
"“트럼프 이란전 핵심 전력이라더니”…美핵항모, 침실까지 탔다 [밀리터리+]",World
"‘반란표’에 ‘유가 대란’ 진퇴양난…트럼프, 농축 우라늄까지 포기?",World
"""최고의 아기"" 광고 회사까지 뛰어든 배아 편집…우생학 논쟁 다시 불붙었다",World
구리값 뛰자 수도계량기까지 싹쓸이…日 공영주택 빈집 노렸다,World
북·러 밀착 속 평양 찾는 시진핑…中 영향력 재확인 나서(종합),World
한국 도착하자마자 신난 젠슨 황...얼마나 큰 선물 보따리기에 '자신만만' [지금이뉴스],World
"미 석유업계 ""이달 말 기름값 폭등 온다""…트럼프 행정부에 경고",World
"""월가보다 개미""…스페이스X, IPO 물량 최대 25% 개인투자자 배정",World
미 하원 '전쟁 권한' 제동‥겉도는 종전협상,World
콜롬비아 극우 대선후보 알고보니 美 이중국적…대통령 취임 가능할까,World
美서 60년 만에 '살 파먹는 구더기' 감염 확인…소고기 파동 우려,World
"英정재계, 두산의 롤스로이스SMR 핵심부품 제작 수주에 반발",World
"젠슨 황, 11일 美 상원 청문회 출석 요청 받아",World
"전국민 카드결제, 권력층 돈줄도 끊었다…트럼프의 ‘쿠바 조이기’",World
돈 빼려 했더니 절반만 돌려줬다…블랙스톤 사모대출펀드 첫 환매 제한,World
"""평생의 기회"" vs ""거품 우려""…미국 IPO 시장 '광풍'",World
"시진핑, 8~9일 북한 국빈방문…'영향력' 재확인",World
TSMC 회장 “젠슨 황 방한 이유는 메모리 때문···비메모리·파운드리는 대만이 우위”,World
"""한국 중요성 커졌다""...젠슨 황 7개월 만에 또 방한, 외신의 분석",World
"트럼프 ""이란전 우리가 승리""…레바논 휴전도 낙관",World
"전직 주한미국대사들 ""이재명 대통령, '반미친중' 아니다""",World
트럼프 ‘제조업 황금기’ 공언했지만… 美 공장 투자·고용 모두 하락세,World
"시진핑, 방한 7개월만에 평양行…미·중, 대만·북한 전략적 딜 이행 차원",World
'진작 호르무즈 돈 걷을 걸 그랬네'…'미국 덕'에 숨겨진 핵무기급 힘 깨달은 이란,World
140년 은광도 상장 첫날 27% 폭등…美 공모 시장 '광풍',World
AI 열풍에 땅 사들이는 TSMC… 美 공장 부지 추가 매입,World
프랑스 교육장관 ‘망신’…“철자 틀리면 감점”이라더니 무슨 일?,World
"젠슨 황 ""한국 위한 깜짝 선물 있다…로봇·피지컬AI 적용 기대""",World
"""싼 광섬유 드론에 허 찔렸다""…헤즈볼라 전술에 이스라엘 곤욕",World
"성능 앞 장사 없나…美 NSA, 사이버 공격에 앤트로픽 ‘미토스’ 사용",World
[자막뉴스] 캐나다 잠수함 막판 수주전...한국이 내놓은 초특급 카드,World
"의사당 폭도에서 대테러 담당으로…1·6의회 난입 가담자, 미 국방부 요직 발탁",World
"자율주행 교통망도 양자보안 시대…엑스게이트, 판교 실증 참여",IT
"삼성전자, BTS 월드투어 부산 공연서 '갤럭시 체험존' 운영",IT
개인정보 유출 ‘티빙’…개인정보위 조사 착수,IT
"KT, 7월1일 5G·LTE 통합요금제 출시…105종→18종 간소화",IT
"방미통위, KT스카이라이프 7년 재허가 의결",IT
"메가존클라우드, 스노우플레이크 올해의 리셀 파트너상 수상",IT
"롯데케미칼, 끝없는 '라인 프로젝트' 자금 수혈",IT
"오케스트로, 상반기 대기업·지자체·공공기관 서버 가상화 전환 사업 수주",IT
"""매우 특별해""…젠슨 황, 총수들보다 '이 사람' 먼저 만났다 [현장+]",IT
"""15억 이상 가치""...젠슨 황, 페이커와 함께 사인한 '이것' 깜짝 선물",IT
“대체 얼마인지 감도 안 온다” 젠슨황·페이커 사인한 ‘이것’ 당첨된 시민,IT
“삼성·SK도 합류한 앤트로픽 미토스”… 글로벌 빅테크 ‘AI 보안’ 경쟁 본격화,IT
"젠슨 황 ""한국에 '깜짝 선물' 있다""...페이커 만남→'삼소' 회동 광폭 행보",IT
"[단독]티빙 해킹범 DB 침입 확인…""단순 개인정보 유출 아냐""",IT
"‘롤 황제’ 페이커 만난 젠슨 황, 사인 새긴 ‘미출시 그래픽 카드’ 증정 이벤트",IT
"삼성, 올해 폴더블폰 3종 500만~600만대 출하 목표...폴드8·와이드폴드에 기대",IT
[뉴스1 PICK]'안녕하세요' 외치며 입국한 젠슨 황,IT
"금속탐지기로 발견한 로마 시대 황금 반지…""전례 없는 발견""",IT
젠슨 황 첫 일정...T1 PC방서 페이커 만나 “韓이 E스포츠 발상지”,IT
가죽 재킷 벗은 젠슨 황이 선택한 브랜드는?…삼소를 먹어도 명품룩,IT
[AI 고속도로] 국산 클라우드-NPU 연합 생태계 본궤도…정부 육성정책 결실 맺나,IT
"[속보] 젠슨 황, 동교동 PC방 도착... 기다리고 있던 페이커와 만났다",IT
"[비즈톡톡] 한국IBM, 적자날 땐 475억 배당하고 흑자날 땐 배당 안 한 이유는",IT
"젠슨 황x페이커 만나는 'T1 베이스캠프', 방문 전부터 후끈",IT
[가보니] 젠슨 황 뜨자 김포공항 들썩…팬들과 셀카·사인까지,IT
"젠슨 황 ""한국에 깜짝 놀랄 선물 준비…투자 관심사는 로봇공학""(종합)",IT
젠슨 황 기다리는 동교동 PC방... 페이커 2시경 도착,IT
유출 규모·암호 방식도 깜깜이…티빙 '해킹 사태' 미궁 속,IT
HBF 시장 노리는 후공정 장비업계…국내외 기업 모두 참전,IT
젠슨 황 “한국에 깜짝 선물 준비돼 있어”,IT
"젠슨 황, '하이트진로'vs'롯데칠성' 술 선택은?...유통업계 촉각",IT
"""젠슨 황을 기다리며""…홍대 삼겹살집 앞에 선 사람들 [르포]",IT
SKT·KT·LGU+ 5G·LTE 통합요금제 출시…연령혜택 자동적용,IT
"스페이스X 상장 임박…머스크, 인류 첫 1544조원 자산가 되나",IT
[기고] 누가 카카오모빌리티의 미래를 막았는가,IT
"30년 장수 ‘포켓몬’, 사람들은 왜 포켓몬에 열광할까",IT
새 시장 열린 양자내성암호…보안업계 '선두 잡기' 사활,IT
"영풍·MBK, 고려아연 사외이사 공개 추천 제안…자체 추천 포기",IT
개인정보 털려 티빙 이용권 받았는데…“여기서 또 털리다니”,IT
"YMTC, 1분기 낸드 점유율 13%…키오시아·마이크론 턱밑 추격",IT
"젠슨 황, 한국 오자마자 회장님들 제치고 페이커와 PC방",IT
"[AI는 지금] 메타, AI 모델 공개 또 연기…1450억 달러 투자 회수 '안갯속'",IT
"카카오게임즈, 김태환·이시우 공동대표 선임",IT
"젠슨 황 ""페이커 팬"" 한국 오자마자 PC방 간다…저녁엔 총수들과 '삼소 회동'",IT
