titles,category
11만원 넘던 도수치료 4만원에 받는다…年 15회 이상 치료 '불가',IT
"성과급 갈등에 삼성전자 초기업노조, 과반 노조 지위 상실",IT
[르포] 젠슨 황 '컴퓨텍스 2026' 중심⋯나란히 선 한국 기업들,IT
"카카오게임즈, 김태환·이시우 공동대표 체제로 전환한다",IT
도수치료 ‘무제한’ 못 받는다…주 2회·연 최대 24회 제한,IT
글로벌 WFE 전망치 줄상향…국내 전공정 장비사 '훈풍' 기대감,IT
"이노스페이스, 0.4톤급 메탄엔진 지상연소 420초 국내 처음 달성",IT
"선거 끝, 외식 가격 줄인상…""예고된 수순""",IT
[DD퇴근길] 또 빗나간 지상파 출구조사…샤이보수 표심 놓쳤다,IT
"젠슨 황, ‘롤 황제’ 페이커 만난다… 韓게임사도 연쇄 회동",IT
라인 품에 안기는 카카오게임즈…김태환·이시우 공동대표 체제 검토,IT
"넷마블, '구로 랜드마크' 지타워 판다…자산 전략 재편",IT
"NC AI, 한화오션 선박 용접 로봇 '두뇌' 맡는다",IT
"안경쓰면 AI가 답해주는 시대왔다…메타, AI안경 韓 출시",IT
"[팩플] 젠슨 황은 왜 K스타트업, K게임사 만나나",IT
"‘동분서주’ 최태원 회장, 엔비디아·TSMC 이어 폭스콘 회장도 만났다",IT
적자의 늪 티빙 덮친 대형 악재…해킹 충격에 넷플 대항 좌초되나,IT
"""헤이 메타"" 부르자 번역·코디 척척…메타표 'AI 글래스' 써보니",IT
"게임이 로봇 훈련장?…젠슨 황, 크래프톤·엔씨에 '러브콜'",IT
"넷마블, 지타워 매각…2028년 2분기 과천으로",IT
[데스크라인]'K-보안'에 거는 기대,IT
[뉴스줌인] AI 보안 주권 확보 나선 'K-글래스윙',IT
"""페이커"" 외쳤던 젠슨 황, '롤 황제' 이상혁과 깜짝 만남 타진",IT
"넷마블, 구로동 사옥 ‘지타워’ 6977억원에 매각",IT
'젠슨 황' 성수동 회동 이어 사옥 미팅까지…'이해진 AI 올인',IT
'젠슨 황 랠리' 하루천하였나…엔씨 상승분 반납·크래프톤 소폭 상승,IT
"젠슨 황, 7일 잠실서 시구… 박정원 두산 회장은 시타",IT
“식탁 위 음식은 500kcal” 뿔테 선글라스에서 답변이 흘러 나왔다,IT
‘1조 기술수출’ 오스코텍...윤태영 대표 “3년 내 또 성과낼 것”,IT
"삼성·현대차·LG·두산, 美 최대 로봇 전시회 총출동",IT
"달에서 쓰려던 초소형 원자로, 대통령 관심에 군사용으로 먼저?",IT
"약가인하 두달 앞으로…제약사, 매출 20% 감소 예상 속 방어 총력",IT
중국판 팰컨9 떴다…재사용 로켓 '창정 12호B' 깜짝 발사 [우주로 간다],IT
"이통사, 통합요금제 맞춰 온라인 요금제 20~50% 줄인다",IT
AI 쓰면 빨라질 줄 알았는데…IBM “개발 전 주기 최적화해야 진짜 생산성”,IT
"AI 수석·AI전략위 부위원장 빈자리, 누가 채우나… '디플정 라인' 하마평 무성",IT
[AI는 지금] 모델보다 플랫폼…기업 AI 에이전트 전략 바뀐다,IT
"이노스페이스, ‘경량화’ 메탄엔진 핵심 기술 개발…420초 지상연소시험 성공",IT
"파두, Gen6 SSD 컨트롤러 최초 공개… 아시아 시장 공략 속도 [컴퓨텍스 2026]",IT
"젠슨 황, 크래프톤과 AI·칩셋 협력 논의…페이커도 만난다(종합)",IT
"카카오 노조 ""카카오엔터프 임단협 결렬…경영진 책임 회피가 원인""",IT
사상 최대 잭팟 노리는 스페이스X…몸값 거품 경고음도 나와,IT
"라온시큐어, 양자보안 금융권 첫 발…KDB생명에 양자내성암호 공급",IT
"LG이노텍, 베트남에 반도체 패키지 기판 신공장 투자…'생산지 이원화' 첫 걸음",IT
"LG이노텍, 베트남에 반도체기판 공장 세운다…""생산지 이원화""",IT
"""스마트폰보다 낫다""…제니 쓴 'AI 안경' 메타가 미는 이유 [현장+]",IT
삼성 LPDDR5X-PIM 사용한 AI칩 내년 나온다,IT
한국투자증권은 코인원 택한 이유…'이것',IT
"코인원, 한투證·OKX 품었다…‘4자 연합’ 구축",IT
지구가 지금처럼 산소 많은 행성 된 이유는 이것 덕분? [지구를 보다],IT
[단독]연구원 퇴근해도 로봇이 밤샘 실험…국내 첫 AI 신약 개발 자율 실험실 가보니,IT
"젠슨 황, 내일 방한… ‘반도체 깐부’ 넘어 엔비디아-韓 ‘피지컬 AI 동맹’으로",IT
"전세기 입국 젠슨 황, ‘삼쏘회동’부터 시구까지…‘AI 담판’ 나흘 강행군",IT
[6·3 지방선거]서울 자치구청장 민주 17곳·국힘 8곳…4년 만에 판세 정반대로,IT
"카카오 노조 ""(사측과) 교섭한 적 없어""...2차 조정 결렬 이후 '교착상태'",IT
스페이스X 참여 가능성은…美 5G 주파수 입찰 열기 '미지근' [IT클로즈업],IT
"젠슨 황, 내일 오후 5시 전세기 타고 김포공항 입국",IT
"홈플러스, 휴점 37개 점포 결국 문 닫는다…희망퇴직 실시",IT
"분당차여성병원, 복부에 구멍 하나 뚫어 난소·담낭 동시치료",IT
대장암 항암치료제 내성 원인 찾아…떨어진 약효도 되살리다,IT
"'연속공정' 중단 시 치명적 손실...法, 삼성바이오 특수성 인정할까?",IT
"브로드컴 ""HBM 물량 2029년까지 확보 계획""",IT
"‘아르키메데스 스크류’ 닮은 나노선, 전자를 나르는 ‘양자 펌프’ 된다",IT
"개방형 휴머노이드 플랫폼 공개한 엔비디아…젠슨 황, 韓 로봇 스타트업 만난다",IT
[컴퓨텍스 2026] 한미반도체 첫 참가… 글로벌 AI 반도체 공급망 정조준,IT
"[르포] LGD ""OLED 게이밍 모니터 수요 못 따라가""…中 추격에도 자신감",IT
"“엔비디아 칩에 MS 영혼 얹었다”… 30년 동맹, AI 시장 표준 독점 선언",IT
AI 수요에 낸드 시장 역대 최대…삼성전자 1위 수성,IT
"카카오 노조, 파업 전 연일 회사 압박…""교섭 결렬은 경영진탓""",IT
"[단독] 티빙 CI 유출, 2차 피해 우려에…방미통위, 긴급 실태점검",IT
"델, 컴퓨텍스에 코어 시리즈3 노트북 신제품 'XPS 13' 전시",IT
"애플, 구글 제미나이 품은 새로운 ‘시리’ 9월 출시 전망",IT
"中 배터리, 해외 전기차 시장서도 훨훨…후발주자 세 자릿수 성장세",IT
"반등 모멘텀 만드는 카카오게임즈, 하반기 분위기 반전 나선다",IT
"슈퍼마이크로, 1GW급 'AI 팩토리' 청사진 공개…에이전틱 AI 인프라도 강화",IT
"[단독]젠슨 황, T1 찾는다…롤 황제 '페이커'와 만남 추진",IT
[써보니] 말 걸면 답하는 메타 AI 안경…스마트폰 넘본다,IT
“챗GPT에 ‘고맙습니다’ 줄이면 전기차 서울~부산 74만번 왕복 전력 아낀다”,IT
100배 넓은 시야로 지구 밖 본다…‘로만 우주망원경’ 8월30일 발사,IT
"""나랏돈을 왜 과학자한테 줘야 합니까?"" 뼈아픈 질문에, 이렇게 답했다",IT
시스코 “AI 투자 멈추면 멸종”[시스코 라이브 2026],IT
"[속보] 젠슨 황, 5일 전세기 타고 방한…‘삼겹살 회동’·스타트업 간담회 참석",IT
‘교육감’ 방송 3사 출구조사도 예측 빗나가…직전 선거 ‘100% 적중’ 신화 깨져,IT
"보령, 오리지널 항암제 탁소텔 영업 양수…제네릭 ‘디탁셀’ 매각 진행",IT
"""신입도 30분 만에""…한국IBM, AI 개발 파트너 '밥' 공개",IT
"[현장] AI가 코딩해도 배포는 왜 늦을까…IBM, SW 전 과정 조율하는 'IBM 밥' 공개",IT
임무 끝나면 스스로 사라진다…서울대 '소멸 로봇' 기술 개발,IT
"과일 먹던 유인원-고기 먹는 인류 가른 원인, 알고 보니[사이언스 브런치]",IT
"[혁신기업] 엔비디아·델이 동시에 픽한 ‘K-빅테크’…네이버클라우드, 글로벌 AI 주연으로",IT
"""3초면 답변 뚝딱""…韓 상륙 메타 ‘AI 글래스’ 써보니",IT
"""헤이 메타 한마디면 OK""…내 시선과 티키타카하는 'AI 안경'",IT
"14년만의 ‘6월 태풍’ 장미 日 상륙, 우주서 봤더니 [우주서 본 지구]",IT
"유라클 경영진, 자사주 장내 연쇄 매수로 '책임경영' 선포",IT
"[컴퓨텍스 2026]LGD, '黑'으로 게이밍 OLED 시장 잡는다",IT
"[단독] LX세미콘, 현대차 공급망 합류…제네시스향 차세대 ADAS칩 개발 협력",IT
"애플, 비전 프로 접나…차기 애플 CEO, 스마트 안경에 올인",IT
"코인원, 컴투스·한투·OKX 품고 디지털금융 플랫폼 도약 시동",IT
40대도 떠나고 5060만 남았다…'고령화' 된 포털 정치 댓글창 [분석+],IT
"바이오·핵융합·이차전지에 AI 심는다…과기정통부, '과학기술 AI' 개발 착수",IT
티빙 해킹사고로 CI 정보도 빠져나갔다는데…괜찮을까,IT
1조 달러짜리 회사가 두개? '스페이스X' IPO 앞둔 머스크 꿈과 현실 ,IT
"유라클 경영진, 주식 2만8020주 장내매수…AI 전환 자신감",IT
"[현장] 배경훈 부총리 ""독자 AI 완성 위한 핵심 기반 마련""…'K-AI 반도체' 확산 주력",IT
삼성 갤럭시 워치9에 생체 징후·심장 건강 점수 탑재,IT
"배경훈 부총리 ""젠슨 황, K-AI 반도체도 살펴봤으면""",IT
"젠슨 황, 크래프톤 장병규 만난다…로보틱스·칩셋 논의 가능성",IT
"유라클 경영진, 자사주 장내 매수…""AI 기업 전환 자신 있다""",IT
AI 시대에도 결국 화면… 대만서 OLED 미래 경쟁 나선 삼성·LG,IT
"“리벨리온 NPU 적용 수질정화 로봇, 중동서 러브콜”",IT
“며칠에서 몇 분 만에”…AI로 개발 전 과정 책임지는 'IBM 밥' 韓 출시,IT
“듣는 기기에서 디지털 잇는 포털로”…샥즈가 본 오디오 산업 변곡점,IT
젠슨 황 이어 TSMC 회장도 만난 최태원... AI 칩 공급 동맹 다져,IT
티빙 개인정보 유출 규모 공개 안 돼 파장 여전,IT
삼성전자·하이닉스·SKT·KISA ‘글래스윙’ 참여,IT
[단독] KT 중고폰 반납 ‘자회사 밀어주기’ 의혹… “더 비싸게 팔 소비자 권리 제한 우려”,IT
"젠슨 황, 韓 로보틱스 생태계에 '엔비디아 AI' 심는다",IT
"인텔, 컴퓨텍스 2026서 AI 에이전트·로보틱스 시연",IT
삼성·하이닉스도 앤트로픽 미토스 활용 AI 보안 협력,IT
"""AI 에이전트가 임원""…뤼튼AX, 기업 AX 자동화 승부수",IT
"비트코인, 또 2% 하락…'우군' 스트래티지 배신 때문?",IT
"젠슨 황, 크래프톤과 회동…피지컬AI·게이밍 협업 논의",IT
"화성 탐사선 ‘메이븐’ 역사 속으로…NASA, 임무종료 선언 [우주로 간다]",IT
"국산 AI반도체 400여억 수출…배경훈 ""엔비디아급 기술력""(종합)",IT
"넥슨 '아크 레이더스', 韓 PC방 무료화에 순위 급등…이용자 몰렸다",IT
"LGD ""1000Hz OLED 간다""…中 추격에 기술격차 자신 [컴퓨텍스 2026]",IT
50세 이하 발병률↑ ‘대장암’…항암제 내성 극복 단서 찾았다,IT
"삼성전자, 삼성헬스 개편...갤럭시워치 신제품 우선 탑재",IT
"국산 AI 반도체, 양산·상용화 본궤도…정부 ""독자 AI 핵심 기반""",IT
"""더 작게, 더 가볍게"" 이노스페이스, '핵심' 액체 메탄 엔진 기술 확보",IT
"이노스페이스 ""차세대 메탄엔진 핵심 기술 개발 완료""",IT
"젠슨 황, 크래프톤 만난다.... 휴머노이드·AI PC 협력 논의",IT
"UNIST, 나선형 물질 위상 전하 펌핑 작동 원리 규명",IT
"[단독] ‘헝가리 양산 코앞’ 에코프로, 성일하이텍 찾았다",IT
"삼성전자 초기업노조, 과반노조 지위 상실...성과급 격차에 1만8000명 이탈",IT
"PBS 폐지·예산복원 호평, '관료제 극복' 과제…과학기술 A-학점",IT
"NC AI, 한화오션 선박에 ‘자율 용접 로봇 AI 두뇌’ 장착한다",IT
"""젠슨 황 지금 어디에""…동선 추적 사이트 '북적'",IT
"‘팀코리아,’4조원 규모 美 루이지애나 천연가스 해양플랜트(FLNG) 수주",IT
"어머니는 시신기증, 아들은 뇌사 장기기증…한 가족의 특별한 유산",IT
"[AI 고속도로] ""GPU보다 뜨겁다""…달아오른 냉각 시장, 엑스너지 몸값에 '깜놀'",IT
"""투표용지가 없어서 못 찍다니""...선거 용지 부족 사태 법적쟁점과 전망은",IT
"젠슨 황, 크래프톤 장병규 만난다…게임사의 피지컬 AI 확장",IT
"국산 AI반도체, 양산·상용화 속도…정부 “독자 AI 핵심 기반”",IT
[서울데이터랩]개장 직후 인기 검색 종목 20選,IT
"과기정통부, 국산 AI 반도체 상용화 본격화…‘성장 포럼’ 개최",IT
"빨라진 '사람잡는 더위'…온열질환 벌써 185명, 1명 사망",IT
"한미반도체, 컴퓨텍스 첫 참가…차세대 HBM4 장비 공개",IT
K-AI반도체 실증 넘어 수출로…英·中 등에 3000만佛 계약,IT
"정부 ""K-AI 반도체는 AI 3대 강국 도약 기반""",IT
"한미반도체, 컴퓨텍스서 차세대 HBM 장비 총출동",IT
"셀트리온, 1000억원 자사주 소각 완료…연내 2조 규모 주주환원",IT
"시놀로지 ""AI 위협 확대... 백업도 진화해야 한다""",IT
"젠슨 황 ""수조 달러 기회""…엔비디아, 개방형 휴머노이드 로봇 발표",IT
국회로 돌아온 '방통위 투톱'…과방위·법사위 배치 촉각,IT
"구글, '젬마 4 12B' 출시…""음성·이미지 처리 간소화""",IT
"""말보다 행동"" 셀트리온, 2조 주주환원 ""주가 끌어올린다""",IT
"라온시큐어, KDB생명보험 등 금융사에 양자내성암호 공급 확대",IT
"셀트리온, 1000억원 규모 자사주 소각 최종 반영 ... 연내 2조 소각 추진한다",IT
당근 비즈프로필 단골 1000만 돌파…지역 가게 연결 강화,IT
앤트로픽 ‘미토스’ 접근 권한 확보…삼성·SK·KISA,IT
"美·英 링크드인 채용 제안 주의보...""알고보니 중국 스파이""",IT
"젠슨 황, 크래프톤도 만난다…피지컬 AI·AI 게이밍 협력 논의",IT
하품 전염은 엄마 뱃속에서부터 시작된다,IT
"'일베' 문 닫을까…이훈기 의원, ‘일베 금지법’ 발의",IT
[기업 코인 딥다이브] 보상부터 쌓인 웹3의 그늘 | 컴투스홀딩스②,IT
"[AI 고속도로] 구글, AI 데이터센터 전력에 '베팅'…발전사업까지 품는다",IT
"“화재 위험 원천봉쇄”…ETRI, ‘수계아연전지’ 상용화 난제 해결",IT
"""차세대 발사체 표준 잡아라""…이노스페이스, 메탄엔진 420초 연소 성공",IT
"파두, 컴퓨텍스서 Gen6 SSD 공개…대만 수주 3000억 돌파",IT
"스페이스X, 美 IPO 새 역사 쓰나…""시총 2700조 목표""",IT
"국방 이어 조선까지…NC AI, 한화오션 자율용접 AI 개발 나선다",IT
"""패치해도 안 죽는다""...자동진화형 AI웜 등장[글로벌AI브리핑]",IT
"시놀로지 ""NAS용 운영체제 'DSM'에 AI 적극 통합""",IT
“에어팟 다음은 오픈이어…귀에 거는 AI 비서 온다”,IT
"이노스페이스, 차세대 메탄엔진 기술 개발…'국내 최장' 420초 연소 버텨",IT
"시스코, '클라우드 컨트롤' 공개…""인간·AI 에이전트 함께 일하는 시대""",IT
"[스페이스버드2] ⑦""우주의 무중력은 인체에 영향""…GIST서 그린 미래 우주",IT
"월급쟁이부자들, 새 CTO에 '김상효' 본부장 선임",IT
"NC AI, 한화오션 조선소에 ‘AI 용접공’ 투입한다",IT
"""갤럭시Z폴드8 울트라, 더 얇아진다…배터리 용량도 14%↑""",IT
"가온전선, 美 AI데이터센터 송전 케이블 시장 뚫었다",IT
서울시장 초박빙...개표 13시간 만에 오세훈 역전,IT
"이승진 메디포스트 美법인 대표 “FDA 단일임상, 근본치료제 도전 기회 열었다”",IT
"젠슨 황, '리니지' 엔씨 이어 '배틀그라운드' 크래프톤 만난다",IT
디앤디파마텍 MASH 신약 몸값 재평가…“선급금 3~5배 뛴다”,IT
"""전압 대신 회전으로 전자 옮긴다""…UNIST, 나선형 나노선 '양자 펌프' 작동 원리 규명[과학을읽다]",IT
"젠슨 황, 크래프톤 장병규 만난다…피지컬AI·칩셋 협력 논의",IT
"아이폰18 프로 배터리 큰 변화없다…""용량 1% 증가""",IT
"[단독] ""카톡방서 챗GPT 쓴다""…AI 힘주는 카카오",IT
"메디포스트 카티스템, 美 3상 1개로 끝낸다…'FDA 단일임상 허용'[only 이데일리]",IT
"NC AI, 한화오션에 ‘자율 용접 로봇 AI 두뇌’ 공급한다",IT
"선박 건조도 ‘로봇’으로…NC AI, 한화오션 사업 최종 수주",IT
"스크류같은 1차원 나노선서 펌핑 현상 첫 규명…""고장없는 전자소자 가능할까""",IT
"UNIST, 1차원 나선형 물질 위상 전하 펌핑 작동 원리 이론 규명",IT
"최태원, 젠슨 황 이어 TSMC 회장도 만나…AI 반도체 협력 강화",IT
[챗ICT]네이버가 블로그·카페에 1조 베팅한 이유,IT
"[르포] ""3년 걸릴 줄 알았는데 벌써 여기까지""…600조 쏟아붓는 SK하이닉스 용인",IT
"민주당, 16곳 광역단체장서 12곳 확보...서울시장 초박빙",IT
"반도체, AI를 넘어 ‘피지컬’의 시대로 [트랜D]",IT
"초소형원자로 MMR, 한미 우주협력 새 카드 되나",IT
"""30년간 왜 가려운지 몰랐어요""…원인 '진단' 난치성가려움증센터 [K-메디컬리포트]",IT
"[비즈톡톡] 구글, 25년 만에 검색창 개편… 엉뚱한 답변에 이용자 평가 엇갈려",IT
식사 만족 극대화하려면...파인만의 ‘식당 메모’ 50년 만에 풀렸다,IT
"바이오도 중국 굴기…中 신약, 美 최대 암학회 메인 무대 올랐다",IT
[이재명 정부 1년]③'AI 3대 강국' 가시권 진입 성과...지속 가능한 생태계 구축은 과제,IT
"[이재명 정부 1년] R&D 정상화 첫걸음, 실행 필요하다",IT
블랙아웃 경고가 현실로…반복되는 유료방송-PP '사용료' 전쟁,IT
"“무릎 속 ‘천연 방석’ 반월상연골판, 손상되면 관절염 빨라질 수 있어”",IT
안방서 젠슨 황 맞는 네이버…이해진·최수연·김유원 총출동하나,IT
“AI 판 뒤집히면 민주주의 붕괴”…中에 쫓기는 美 ‘섬뜩 경고’ [팩플],IT
"""안방보단 해외인데""… 무대 고민하는 게임사들",IT
“35억 투자해 2조2000억 수익”…신들린 투자 주인공은 카카오,IT
수돗물 5분 끓였더니 미세플라스틱 90% 사라져,IT
[스타트업 리포트]'치매에도 골든 타임 있다' 치매 예방 앱 개발한 이준영 이모코그 대표,IT
포털은 네이버·AI는 챗GPT…한국인 92.5%가 쓰는 최애 메신저는?,IT
"끊기지 않는 SKT 초심경영, 40년 장기고객 직접 찾았다",IT
"‘콜 오브 듀티’ 신작에 소총 든 박 이병, 한국 배경으로 한 글로벌 게임 잇따라",IT
자동차 OS·보안 통신에 집중… 블랙베리 올해만 주가 130% 뛰어,IT
"눈에 띄면 규제 대상… AI, 안 보여야 산다",IT
“예약부터 요약까지 대화방에서 지시 끝”… 텔레그램 ‘AI 플랫폼’ 진화,IT
현실과 닮은 ‘그녀’… ‘공각기동대’ 실현도 머지않았다,IT
"가독성 좋아진 OLED, 사무용 모니터 시장 노크",IT
"MS, AI 독립 선언… 자체 개발 모델 대거 선보여",IT
택시 업계 “자율주행 택시하려면 면허 사라”,IT
"젠슨 황, 이번엔 피지컬 AI 파트너 찾는다",IT
“스팟·아틀라스 온다” 인력 충원하는 현대오토에버,IT
"[컴퓨텍스 2026]MS ""엔비디아 슈퍼칩 탑재 AI노트북 올 가을 출시""",IT
"설마했는데…“월드컵 전 경기 보려면 4900원 내세요” 전 국민 ‘우르르’ 몰린다더니, 네이버 결국 ‘유료화’",IT
양자컴 주도권 노리는 MS…'비밀병기 칩' 마요라나2 공개,IT
"""13년전 두나무 발굴 …2조 수익 실현""",IT
수학자들 “AI 능력 과신하지 말라... 냉정하게 평가해야”,IT
"치매 산업, 신약 경쟁 넘어 인프라 경쟁 단계 진입… '플랫폼 기술'이 핵심 승부처",IT
"""인터넷 없이도 AI 쓴다"" MS, 신형 PC 공개",IT
"K바이오 성장 과실, 美·獨 소부장이 챙겼다",IT
"""인텔·애플 M5 다 비켜""…퀄컴 '스냅드래곤 X2 엘리트' 성능 지표 '압도' [컴퓨텍스 2026]",IT
中게이머 홀린 엔씨 리니지2M·스마일게이트 카제나,IT
"개인용 AI 컴퓨팅 시대 열린다…젠슨 황 ""40년 만에 PC 재탄생""",IT
15國 판 커진 앤스로픽 ‘미토스’ 보안 실험… 삼성·SK·KISA 합류,IT
"민주 11곳·국힘 1곳 우세, 경합 4곳...지상파 출구조사",IT
"젠슨 황, K스타트업에 ‘깜짝’ 초대장 보냈다",IT
[단독] 엔비디아 주도 AI랜 총회 11월 한국서 열린다,IT
"BOE, 오는 17일 8.6세대 OLED 양산식…삼성D와 본격 양산 경쟁 시작",IT
"MS, 양자칩 '마요라나2' 공개…""양자컴 2029년 상용화""",IT
"LG전자, '中 생태계 활용' 전략 시동…로봇청소기 프리미엄·볼륨존 라인업 대거 확충",IT
"22년만에 시총 1위 내준 도요타, 2위마저 '흔들'…日도 AI 열풍",IT
"작년 ‘수퍼갑’으로, 올해는 ‘파트너 간택’하러 오는 젠슨 황...그가 풀어놓을 보따리는?",IT
가독성·번인 약점 잡고 사무용 시장 노리는 디스플레이 업계,IT
반도체 레이저 어닐링 공정 저변 확대…SiC·400단 낸드 적용 추진,IT
"“카톡은 못 떠나고, 쇼핑앱은 갈아탄다”…500조 플랫폼 시장 흔드는 속마음",IT
"中 딥시크, 텐센트·CATL로부터 11조원 조달 추진",IT
"印 암바니 제쳤다…바이트댄스 창업자, 아시아 부호 2위 탈환",IT
"'개인정보 유출' 티빙, 범인은 신원 미상의 해커…""깊이 사과""",IT
"""외산 AI 모델은 불안""…네이버·SKT·NC가 군대로 간 이유는",IT
우주에서 위성 데이터 처리···AI큐브위성으로 동유럽·아시아 시장 잡는다,IT
"""월 5500원 내면 더 보여줘요""…14만명 홀린 '수영복 그녀' 정체",IT
"‘미토스 보안동맹’에 KISA·삼전·하닉·SKT 포함된 듯…""국가 보안공백 해소 기대""",IT
"스페이스X, 2667조원 몸값 IPO 추진…美 증시 최대 기록 쓰나",IT
스페이스X 기점 韓 우주스타트업 웃나···우나스텔라 ·텔레픽스 등 주목,IT
'티빙'도 개인정보 유출…'CI'까지 털려 2차 피해 우려,IT
"국가AI컴퓨팅센터, SPC 이달 출범…본사는 해남·이사회 3자 구성",IT
삼성바이오 이어 셀트리온도 성과급 요구 태풍…바이오 투톱 경영진 위기관리능력 ‘시험대’,IT
"""CPU 물량 확보 전화 불난다""…'AI 시대' 극적 부활한 인텔",IT
가벼워진 ‘갤럭시 Z 폴드’…가로형 디자인으로 아이폰 폴더블 견제,IT
한국도 '미토스' 접근 가능…삼성전자·SK하이닉스·SKT·KISA 참여,IT
"길쭉한 폴더블폰 종말? 삼성, 애플, 화웨이 '여권폰 동상삼몽' [IT+]",IT
"앤트로픽, ‘미토스’ 보급 150개 기관으로 확대…삼성·SK도 참여",IT
"“스페이스X, 공모가 주당 135달러 제시”…기업가치 1조7500억달러 목표",IT
HBM부터 피지컬 AI까지… 컴퓨텍스 2026서 존재감 커진 한국 기업,IT
"오픈AI, 코덱스와 챗GPT 통합…기업 고객 공략 박차",IT
"MS, ‘오픈 AI 독립 선언’...자체 AI 모델 대거 공개",IT
"엔씨는 '리니지', 스마일게이트는 '카제나'…中 시장서 승부수",IT
"중동, 다시 긴장 고조되나…이란, 바레인·쿠웨이트 미군기지 타격 주장…미군 “모두 실패”",IT
‘푸바오 동생’ 쌍둥이 판다도 떠난다…올겨울 中 귀환 준비,IT
[유미's 픽] 6·3 선거판 달군 'AI 유치전'…데이터센터·제조 AX 현실화될까,IT
인텔 제온 7 다이아몬드 래피즈 공개…192코어 집적한다 [고든 정의 TECH+],IT
앤트로픽 '프로젝트 글래스윙'에 KISA·삼성·SK 포함,IT
"돈은 ‘AI 네이티브’로…챗GPT 前 유니콘들, 몸값 평균 52% 증발",IT
“로봇에 AI 붙인다고 피지컬AI 아냐…경쟁력은 산업 현장서 증명”,IT
해킹 괴물 미토스 접근권 얻었다…과기부·삼전닉스 ‘글래스윙 프로젝트’ 전격 합류,IT
"오늘이 제일 싸다? 끝 모르고 오르는 전자제품 가격, 왜 이럴까",IT
“코딩 도와줘” 했더니 40만원 청구서…AI 비용 절감법 찾은 개발자,IT
"'유증 추진' LB세미콘, ""내년까지 R&D 인력 2배로...반도체 후공정 확대""",IT
"앤트로픽, '미토스' 접속권 확대…삼성·SK 합류한 듯",IT
택시업계 “자율주행 택시하려면 면허 사라”… ‘제2 타다’ 되나,IT
"스페이스X, 경쟁사 폭발 사고에도 웃지 못하는 이유는",IT
"""없으니 불편하네"" 너도 나도 '탈팡' 난리나더니…인터넷 쇼핑 절반은 '쿠팡'",IT
"""엔비디아 RTX 스파크, Arm 윈도 PC의 전환점""",IT
"에브리봇, '휠리스 SLAM' 구현…자율주행 기업 노린다",IT
"마이크로소프트, 양자 칩 '마요라나 2' 공개…""신뢰성 1000배↑""",IT
미토스發 보안 수요 기대감…동시에 커진 인프라 비용 부담,IT
젠슨 황-최태원이 띄운 'AI 팩토리'…AI 공급 패러다임이 변한다,IT
세상에서 가장 강력하고 위험한 AI…한국에도 상륙한다는데,IT
비트코인 하루 만에 6% 넘게 급락…5만 달러 대 하락 전망도,IT
"통신장비사, 신사업 채비 속도…AI·군 위성·전장 확장",IT
"네이버·카카오도 막은 오픈클로, MS 손잡고 기업 시장 두드린다",IT
"스마트폰 다음은 ‘AI 배지’?…MS, 에이전트 전용 디바이스 실험",IT
"MS, 자체 AI 모델 7종 공개…오픈AI·앤트로픽에 정면 도전장",IT
"GLP-1 비만치료제 맞은 여성, 유방암 위험 30% 적었다",IT
"대기업 전산실 취급받던 SI, '몸값 100만원' 대반전",IT
챗GPT가 쏘아 올린 공...'구형 스타트업' 유니콘 무더기 탈락,IT
"[빌드 2026] MS, 자체 AI모델 7종 공개…“애저 AI칩에 최적화”",IT
"MS, 안정성 1000배 높인 차세대 양자 칩 ‘마요라나 2’ 내놨다",IT
"앤트로픽, ‘미토스’ 접근 권한 150개 기관으로 확대…삼성·SK도 합류(종합)",IT
한날한시 ‘AI 직원’ 꺼낸 MS·오픈AI…‘챗GPT 동맹’ 깨고 경쟁자로,IT
돼지 신장·간 ‘53살 뇌사자’에 동시 이식…5일간 정상 작동했다,IT
"깃허브, '코파일럿 앱' 공개…""AI 작업 통제권 강화""",IT
"9만→39만원, 1월에만 샀어도 ‘대박’…젠슨 황 효과 이 정도였어?",IT
[AI 고속도로] AI 서버 전성시대…델·HPE·슈퍼마이크로 고공행진,IT
"'미토스'가 바꾼 트럼프 AI 정책…美정부, 사전검증 도입",IT
"HLB 진양곤 의장, 계열사 주식 추가 매수",IT
AI 데이터센터發 반도체 슈퍼사이클…4년 만에 10배 성장 전망,IT
"[사이언스샷] 5300년 전 냉동된 미라, 미생물은 살아 있다",IT
"""1300억 투자해 3조5000억 됐다""…SKT '뜻밖의 잭팟'",IT
노벨상 수상자도 고민한 '오늘 뭐 먹지'…파인만의 수학 해법 약 50년만에 검증,IT
"""개표율 60%인데 '당선 확실'?""…개표방송 AI 예측시스템의 비밀",IT
"""자동화 늘려도 사람 공백 못 메워""…헥사곤이 짚은 제조 AI의 본질",IT
전기차보다 전력망이 본게임…유럽 전기화에 K-전력기기 기회,IT
"미국 상공 뒤흔든 ‘쾅’…NASA, 폭발 운석 정체 밝혔다",IT
노르웨이 신차 98%가 전기차…비결은 보조금보다 ‘세금 설계’,IT
에이전틱 AI 바쁜데…내부 갈등에 어수선한 카카오,IT
올해 대형 로봇주 150% 상승…'젠슨 황 효과' 주목,IT
"[빌드 2026] MS, 차세대 양자칩 ‘마요라나2’ 공개…""2029년까지 양자컴 상용화""",IT
"[AI픽] ""출근 전 AI 한판 붙자""…SKT 직원들 몰린 수요 챌린지",IT
"“여러분과 경쟁 안 해” 오픈 AI, 기업 고객 향한 ‘러브콜’",IT
"나쿨 두갈 퀄컴 ""AI 핵심은 엣지·로보틱스""…현장 휴머노이드 로봇 등장 [컴퓨텍스 2026]",IT
"'오딘' 넘어 장르 다변화 본격화…라이온하트, 글로벌 시장 도전장",IT
"[르포] ""수천명 쓰면 감당 안 돼""… AI 구독료 폭등 잡는 인텔 '슈퍼클로' 현장 가보니 [컴퓨텍스 2026]",IT
"""응급환자 이송 혁신사업 운영 안정적""…사망 줄고 환자 수용 늘어",IT
"[빌드 2026] MS, 에이전트 위한 새 기기 공개…AI 일상화 시대 선점 나서",IT
"[단독] 최태원 “SK실트론 매각, 실무진이 결정”",IT
"[인터뷰] 배태원 인텔코리아 사장 “AI 사용량 증가에 ‘녹는 토큰’, 대안은 하이브리드 AI”",IT
"""맥북 네오보다 가볍다""… 델, 599달러 'XPS 13' 메인스트림 정조준 [컴퓨텍스 2026]",IT
축지법 쓰는 젠슨 황...방한 기간 '광폭 행보'[1일IT템],IT
[AI 클로즈업] 앤트로픽·오픈AI 상장 임박… B2B 비중이 판가름,IT
페루사막 '나스카 지상화' 2천년이상 보존된 이유는? [과학 유튜브 보니],IT
"""1CPU:8GPU 공식은 깨졌다""…에이전틱 AI가 촉발한 'CPU 역습'",IT
"'지직' 끊기던 카폰에서 손주 해외 영통까지…40년 SKT만, 왜?",IT
스페이스X 실체 다 파봤다…투자설명서에 170번 나온 말,IT
[李정부 1년]인프라 깔고 AI 주권 세웠다…청신호 켜진 이재명표 'AI 고속도로',IT
"MS, 클라우드 안 거치고 AI 에이전트 구동…윈도 온디바이스 AI 강화",IT
"마이크론, 엔비디아 제언에 AI 붐 타고 시총 1조달러 돌파",IT
"립부 탄 CEO ""TSMC는 파트너, 엔비디아는 친구… '뉴 인텔' 개방과 협력"" [컴퓨텍스 2026]",IT
"PC 시대 윈도처럼…MS, ‘AI 에이전트 OS’ 정조준 [MS 빌드]",IT
"고유가 시대, 양수발전의 재발견",IT
"[사이테크+] ""목성급 자기장 가진 외계행성 증거 발견…자기장 세기 첫 추정""",IT
LG헬로서 사라지는 '스포티비'…왜,IT
"""우리 동네 시의원 누가 됐나""…케이블TV, 구석구석 선거방송",IT
앤트로픽 'AI 보안동맹' 한국도 합류… 삼성전자·SK하이닉스·KISA 참여,IT
"MS, 애플 맥미니에 반격…엔비디아 손잡고 AI용 PC 공개",IT
“오픈AI보다 IPO 먼저”… 앤스로픽 몸값 1조달러 육박,IT
젠슨 황 “메모리 부족 지속”… 최태원 “5년 내 생산 능력 2배 확대”,IT
"앤트로픽 '글래스윙' 150곳으로 확대…韓, KISA·삼성·SK 포함(종합)",IT
"인텔 ""CPU·GPU·파운드리·맞춤형 반도체 중심 전략 재정비""",IT
[카드뉴스] 젠슨 황이 한국에 온다,IT
전남친 인스타 염탐하려고 아이디 새로 파는 사람 많더니…“6000원에 마음껏 몰래 보세요”,IT
주민등록상 나이 말고 ‘진짜 내 몸 나이’ 재는 시계 나왔다[후암동 논문 연구소],IT
"립부 탄 인텔 CEO ""새로운 인텔 만들기에 주력""",IT
논란의 '카톡 개편' 주도했던 임원 퇴사에…날 세운 카카오 노조,IT
"[종합] 삼성·SK, 대만서 엔비디아 생태계 핵심 과시…HBM 경쟁 가열 [컴퓨텍스 2026]",IT
[지금 AI] AI와 전력,IT
"“바닷속에 웬 ‘라면냄비’가” 상식 밖 쓰레기 속출하는 바다…치우는 사람, 따로 있다 [지구, 뭐래?]",IT
"젠슨 황, SK하이닉스 부스 깜짝 방문…""HBM4E 더 만들어달라""",IT
"자금 지원처마다 평가, 또 평가…스타트업계 ""이제 제발 그만해달라""",IT
최초 공개 'HBF'부터 'HBM4E'까지… SK하이닉스 차세대 메모리 '정조준' [컴퓨텍스 2026],IT
"최태원 ""생산 2배 늘린다""…젠슨 황 ""제발 더 만들어줘""(종합)",IT
"엔씨 김택진 대표, 젠슨 황과 7일 회동",IT
그의 '입'과 '발'에…주가가 춤춘다,IT
"""AI인프라 투자금 선점해야 경쟁력""… 상장 속도낸 앤스로픽",IT
"HBM5 꺼낸 삼성전자, 시장 우위 강조한 SK하이닉스… 컴퓨텍스 2026서 HBM 주도권 경쟁",IT
'삼성·SK 임원' 구독하는 사장님들…채용 대신 빌려 쓴다,IT
젠슨 황 ‘선택적 침묵’ 왜?... 삼성전자 언급 않고 하이닉스만 칭찬,IT
"판 커지는 AI 베팅 … 4대 빅테크, 올 '1천조원' 쏟아붓는다",IT
1조달러 상장 레이스 … 오픈AI에 선수 친 앤스로픽,IT
[기업 코인 딥다이브] CONX 리브랜딩에도 93% 뚝 |컴투스홀딩스①,IT
"'깐부' 최태원과 하이닉스 부스 본 젠슨황…""제발 더 만들어줘""",IT
"[단독] “K바이오 키우겠다”던 제이랩스, 3년도 못 채우고 철수",IT
UN “올여름 ‘비정상적 폭염’ 확률 80%”…한국도 피할 수 없다는데,IT
"""D램 공급난에 HBM 협상력 커져…내년 계약가격 몇배 상승 전망""",IT
"""유심 바꾸러 갔는데 선불폰 개통""…LGU+ 대리점 직원의 실수?",IT
"최태원 ""SK하이닉스 생산능력 5년 내 두 배로…메모리 2030년까지 부족""",IT
"젠슨 황, 2년 연속 SK하이닉스 찾았다… 'HBM4E'에 친필 사인",IT
엔비디아에 밀린 인텔의 반격…‘18A 양산’ 승부수 던졌다,IT
"중국산 인조 다이아몬드, 반도체 시장서 각광…왜?",IT
스타벅스 논란 후 숨 고르는 이마트…롯데마트는 할인 공세,IT
"최태원 ""웨이퍼 생산능력 5년내 2배 늘린다…공급부족 해소""",IT
젠슨 황 “한국·대만 모두 특별한 파트너…비교 중요하지 않아”,IT
"젠슨 황, 엔씨·업스테이지에 2차 깐부회동까지…로봇·AI 협력 '광폭 행보'",IT
"삼성전자, HBM5 실물 첫 공개… 방열 신기술 SK하이닉스와 격돌",IT
"[DD's톡] ""젠슨 황 효과""…네카오 주가, 희비 엇갈렸다",IT
"[단독]젠슨 황, 8일 현대차·LG 사옥 찾는다…피지컬 AI 협력 논의",IT
"젠슨 황의 자신감 ""컴퓨터 재발명""…판도가 뒤바뀔까[이런일이]",IT
"젠슨 황의 부탁…""SK하이닉스, HBM 더 만들어줘""",IT
주가 들썩이는 '젠슨 황' 파워…실시간 동선 추적 사이트도 등장,IT
[DD퇴근길] 이번엔 삼겹살에 소주다…젠슨 황과 이해진의 ‘삼쏘 회동’,IT
[이재명 정부 1년] 외형 성장 이룬 AI 산업…‘질적 성숙’은 여전히 물음표,IT
"오뚜기까지 日 법인 설립…K푸드, 일본 식탁 쟁탈전",IT
[비즈톡톡] 이름값 못한 넷마블 ‘왕좌의 게임:킹스로드’… 출시 열흘 만에 이용자 72% 감소,IT
"앤트로픽은 IPO 개시, 알파벳은 거액 유상증자…판돈 커지는 AI 산업",IT
"젠슨 황, 하이닉스 부스서 최태원 만나… 소캠2 보며 “아름답다”",IT
엔비디아 손잡은 네이버 'AI 영토' 확장…국방까지 광폭 행보,IT
"최태원 회장 ""향후 5년간 웨이퍼 생산 능력 2배로… 2030년까지 메모리 부족""",IT
"젠슨 황, 8일 韓 AI·로봇 스타트업 만난다",IT
"""엔씨에 무슨 일이""…젠슨 황 회동 기대감에 30만원선 회복",IT
'한국 로봇' 콕 집은 젠슨 황… 관련주 뛰고 동선 지도까지 나왔다,IT
최태원 “HBM 부족 2030년까지 지속… 생산능력 5년 내 2배 확대”,IT
"“젠슨 황 어디 가나”…방한 일정 추적 사이트까지 등장, 엔비디아 수혜주 들썩 [only 이데일리]",IT
"눈앞에 다가온 휴머노이드 시장… 삼성전자 파운드리, 초기 고객사 기반 확대에 전력투구",IT
"최태원 SK 회장 ""5년 내 SK하이닉스 캐파 2배로 확대할 것""",IT
"""구글·오픈AI도 눈독 들인다""…네이버가 던진 1조 '승부수'",IT
"""2분기 범용 D램 가격 1분기보다 최대 63% 상승 전망""",IT
"젠슨 황 ""40년 된 PC 재발명할 때""...N1X 이어 N2X·N3X로 AI PC 확장 선언",IT
AI 추론 전환이 쏘아올린 D램 가격…2분기 최대 63% 급등 전망,IT
"앤트로픽, 美 상장절차 착수…오픈AI와 'AI 상장 1호' 경쟁 본격화",IT
"AI 모델 경쟁, 국방으로 번진다…네이버·NC AI 가세",IT
"[컴퓨텍스 2026]젠슨 황, '탄탄한 공급망' 과시… “HBM 부족 우려 없다”",IT
[컴퓨텍스 2026]삼성·SK “AI 투게더”…나란히 메모리 공급망·기술력 과시,IT
"앤트로픽, EU 사이버보안청에 AI '미토스' 개방 예정…韓은 언제쯤?",IT
"판촉 경쟁 숨고르기…통신 3사, 갤럭시 S26 지원금 하향",IT
"Arm ""AI 에이전트가 CPU 시장 키운다... 성장세 이례적""",IT
블루오리진 로켓 발사대 ‘초토화’…우주서 본 폭발 현장 [우주서 본 지구],IT
연봉 ‘542억원’ 젠슨 황 ‘삼성 성과급’ 질문에…“난 직원들에게 최대한 보상”,IT
“젠슨 황 어디쯤 왔나”…방한 앞두고 ‘발자취 추적 사이트’까지 등장,IT
"또 협의체, 또 연구반…콘텐츠사용료 갈등 키운 정책 공백 [강소현의 방송통신문]",IT
동접 16만 K-인디게임 'TBH: 태스크바 히어로'…흥행 속 서버 안정화 과제 남아,IT
[기고] 카카오 위기의 진짜 범인은 누구인가,IT
"체크포인트 ""AI 기반 신제품 'AEV로 한국 시장 공략""",IT
중동 위기에도 통했다…하나증권 외화채 흥행에 증권가 '촉각',IT
"""우리집 PC가 AI 두뇌 된다"" 젠슨 황, 엔비디아 AI PC 공개",IT
젠슨 황 '택진이형'도 만난다…게임 넘어 '피지컬 AI' 협력 주목,IT
"“AI 빅6 가치 11조 달러, 뉴스만 공짜로 삼켰다” 세계 언론 ‘생존’ 화두, 빅테크에 ‘뉴딜’ 요구",IT
"송재혁 삼성전자 CTO ""HBM5 미세공정 도입…1나노 한계 깰 것""",IT
"'상장 문턱서 고배' 파블로항공, 사업화가 관건",IT
"‘더치페이’ 돈 계산 머리 아픈데... 아이폰, 영수증 찍으면 알려준답니다",IT
"젠슨 황, 삼성전자 성과급 질문에 ""직원들에 가능한 많이 보상해 줘야""",IT
바다 일렁이는 천체 ‘타이탄’ 탐사 준비 속도…핵심장치 ‘방열판’ 시험 성공,IT
"상선 목표 88% 채운 삼성중공업, 해양서도 4.3조 FLNG 수주",IT
"젠슨 황 엔비디아 CEO, tvN '유퀴즈' 출연한다",IT
"젠슨 황, 엔씨 김택진도 만난다…게임 넘어 피지컬AI 접점 찾나",IT
"젠슨 황 ""직원 보상은 다다익선...나는 그렇게 한다""",IT
"[컴퓨텍스 2026] 삼성전자, HBM5 시제품 첫 전시…송재혁 ""HPB·2나노 베이스 다이 준비""",IT
"오바마 전 美 대통령 인스타 해킹, 알고보니 AI 상담 챗봇 탓",IT
"씨어스, 모비케어 UAE 초도물량 출하 임박...FDA·중동 모멘텀 부각",IT
"젠슨 황, 韓서 '택진이형' 만난다…게임·피지컬AI 협력 주목",IT
아이폰 울트라 색상 유출…화이트 모델 첫 공개,IT
"삼성전자, HBM5서 기술 초격차 시동…발열 낮춘 'HPB' 적용 추진",IT
젠슨 황이 찍으면 무조건 뜬다?···방한 장소·테마주 주가 실시간 추적 사이트 등장,IT
"AI, 로봇… 젠슨 황 방한이 몰고 올 '포스트 반도체' 바람 ",IT
"[단독] LG유플러스 대리점, 무료 유심 교체한다더니 서류 위조해 무단 개통",IT
“최대 폭발력 규모 3.5 지진과 맞먹어”… 로켓 고체연료 얼마나 위험한가,IT
"AI PC 판도 '급변'…HP·에이수스, '엔비디아 RTX 스파크' 동맹",IT
"엔비디아 ‘RTX 스파크’, 윈도우 ARM으로 고성능 PC 재창조할까 [고든 정의 TECH+]",IT
"블루오리진 폭발, 달 탐사계획까지 휩쓸었다…발사대 복구 2028년",IT
젠슨 황 방한 때 네이버 이해진과 AI 팩토리 구상 공개 [팩플],IT
반도체에 웃은 한국 증시…인도 제치고 세계 6위로 부상,IT
"젠슨 황, 방한 중 김택진 엔씨 대표와 회동",IT
젠슨 황 동선 따라가는 웹사이트까지 등장…관련주 정보도 담았다,IT
인류 문명 탄생 ‘비옥한 초승달 지대’ 형성의 비밀 풀었다 [달콤한 사이언스],IT
블루오리진 로켓 폭발로 주춤한 미국...“이 때다” 싶어 바짝 쫓아오는 중국,IT
치사율 최대 90%인데 백신도 없다…에볼라 재확산에 전 세계 비상사태,IT
"삼성전자, HBM5 목업 첫 공개⋯발열 방지 'HPB' 기술도",IT
"""우리도 만들고 있습니까?"" …李 대통령 언급한 'MMR' 뭐길래",IT
"김택진 엔씨 대표, 젠슨 황 만난다...게임·피지컬 AI 협력 논의 전망",IT
"李 대통령 ""행정 전반에 AI 즉시 도입하라""…'용역 관행'에 직격",IT
"압박 수위 높이는 카카오 노조…홍민택 CPO 퇴사에 ""회피형 퇴장""",IT
"엔비디아 젠슨 황, 엔씨 김택진 만난다…'AI·게임' 협력 주목",IT
"""내가 공 던질 수 있을까?"" 젠슨 황 뜨기도 전에 ""옆테이블 잡아""",IT
NASA “블루오리진 발사대 복구 2028년 전망… 스페이스X 대안 검토”,IT
"젠슨 황, 성과급 질문에 ""내 직원들에게 물어보라""",IT
"젠슨 황 ""강한 성장 위한 HBM4 공급 이미 확보""",IT
"삼성전자, 8세대 HBM5 실물모형 첫 공개… 시장 선점 나선다",IT
"젠슨 황, 삼성전자 성과급 이슈에…“임직원에 최대한 돈 많이 줘야”",IT
축구 헤딩 '단 한 번'에도 뇌세포 손상 신호 나타났다,IT
"""우리가 x86 생태계 깨부순 주역""… 퀄컴, 엔비디아 추격에도 '여유' [컴퓨텍스 2026]",IT
삼성 성과급 묻자… 젠슨 황 “직원들은 가능한 한 많이 받아야”,IT
"WBD 합병 후폭풍...美CBS 기자 ""편집국장이 시사 프로그램 망가뜨렸다""",IT
"젠슨 황·김택진 만난다…""그래픽카드 팔던 시절부터 깐부""",IT
"“나노 플라스틱 뇌까지 간다”…부산대, 숨은 이동 경로 규명",IT
"카카오 노조, 책임경영 부재 비판…""문제만 남기고 경영진은 떠나""",IT
"우나스텔라, 335억원 투자 받았다…""유인 우주비행 로켓 개발 박차""",IT
"‘몸값 1조달러’ 앤트로픽, 상장 신청서 제출…오픈AI보다 빨랐다",IT
삼성·구글 합작 ‘AI글라스’ 내달 본격 출시,IT
통신사 과열 마케팅에 알뜰폰 ‘2만명’ 이탈,IT
"[카카오 리셋①] 고강도 쇄신, 종착지는?…리더십 시험대",IT
원가 절반이 메모리…스마트폰 2강 파이 더 키우나,IT
젠슨 황 방문 임박에 '동선 사이트'까지 등장…관련주 추적도,IT
[데스크칼럼] 젠슨 황의 스텝에 춤추는 국내 기업 주가,IT
"네이버, 엔비디아와 ‘글로벌 AI팩토리’ 만든다",IT
앤트로픽이 끌고 젠슨 황이 띄웠다…SKT 주가 '훨훨',IT
"""삼성전자 '6억' 성과급 어떻게 생각하세요?""…젠슨 황, 소신 발언",IT
[李정부 1년] 방송미디어 새 판 짜기…방미통위 출범·공영방송 개편 착수,IT
스페이스X IPO가 쏘아 올린 우주경제…K-우주기업 재평가 신호탄,IT
"[유미's 픽] ""국방 AI 잡아라""…네이버·SKT·삼성SDS, 'KCCS 전초전' 돌입",IT
티맥스 ‘가이아 큐브’ 또 공식 출시?… 임금체불 속 1년 만에 일반인 공개,IT
"LG이노텍, 인텔 'EMIB'용 기판 공급망 노린다…SK하이닉스에 샘플 공급",IT
"젠슨 황, 이번엔 '유퀴즈'서 유재석 만나 창업 스토리 전한다",IT
"젠슨 황, 유재석 만나 ‘성공 비결’ 푼다… 방한 중 ‘유퀴즈’ 녹화",IT
'변화'냐 '변질'이냐...디캠프 내부 갈등 격화,IT
젠슨 황은 왜 한국에 공을 들일까,IT
"우주발사체 스타트업 우나스텔라, 335억 투자 유치",IT
"젠슨 황 ""N1X는 시작…N2X·N3X로 AI PC 확대할 것""",IT
"다리 20개 '성게 로봇' 화제…""어느 방향이든 이동""",IT
"‘카톡 개편’ 홍민택 CPO 퇴사에…노조 ""책임 회피 반복""",IT
젠슨 황이 찍은 한국 로보틱스…피지컬 AI 핵심 거점 부상하나,IT
소맥회동에 유재석 만남까지…젠슨 황 일정 추적 사이트 등장 [only이데일리],IT
"구글 모회사 알파벳, 120兆 유상증자…AI 실탄 확보",IT
"외산 대신 국산…국방부, 국방 AI 기반 직접 만든다",IT
안경 이어 펜던트까지…웨어러블 시장 장악 향한 메타의 도전,IT
"[단독]젠슨 황, 엔씨 김택진도 만난다...피지컬 AI 협력 논의 가능성",IT
"삼성 파운드리, 미세공정 우위·전력 비용 효율 '투트랙' 공략 나섰다",IT
"[테크데이, '판'이 바뀐다]<11>인텍플러스, 반도체 기판·패키징 검사 장비로 글로벌 공략 강화",IT
"‘우주 발사체’ 개발 우나스텔라, 시리즈 B 335억원 투자 유치",IT
"태풍 '장미' 특보 발효, 역대 세 번째로 일러…남해안·제주도해안 너울 주의",IT
"몸속 오메가-6가 대사과정 거쳐 암세포 전이 원천 차단…""세계 첫 규명""",IT
식품업계 ‘고단백’ 열풍에 단백질 부족 현상 심화,IT
네이버-엔비디아 동맹 선언…“글로벌 AI팩토리 구축”,IT
"""아이폰 울트라, 증기 챔버 냉각 기술 적용…발열 잡는다""",IT
"[AI픽] 네이버·엔비디아, 글로벌 AI팩토리 구축 나선다",IT
e심 대중화의 벽…남은 과제는 ‘소비자 인지도’,IT
다음달부터 LG헬로서 '스포티비' 못본다…블랙아웃 현실화,IT
"늦어지는 애플 AI 스마트안경…삼성, 메타 독점에 승부수",IT
"[AI는 지금] 美 플로리다주, 오픈AI에 첫 주정부 소송…챗GPT 책임론 확산",IT
"올릭스, 로레알·와이스서 1100억 투자 유치…글로벌 공룡들 ‘베팅’",IT
7월부터 LG헬로비전에서 SPOTV 채널 빠진다,IT
"파업 전 비판수위 높이는 카카오 노조…""홍민택 퇴사도 직원 피해""",IT
엔비디아와 손잡은 네이버클라우드 …글로벌 'AI 팩토리' 동맹 강화,IT
"카카오 파업 위기에 준신위 등판…""국민 불편 안 된다"" 노사 중재 나서[only이데일리]",IT
"“시총 1조달러 축하” 엔비디아·SK하이닉스, 차세대 AI 인프라 협력 강화 [GTC 타이베이]",IT
"젠슨 황·이해진, '삼쏘 회동'서 나눌 이야기는 [IT클로즈업]",IT
"""모든 AI 처리에 고성능 GPU만 쓰지 않는다... CPU 역할 ↑""",IT
"HPE, AI 서버 특수에 '어닝 서프라이즈'…시간외서 30% 급등",IT
"전기차 배터리 1위 CATL, 1~4월 점유율 40% 넘겨",IT
"""대만 없인 루빈도 없다"" 황 CEO 공언… 'AI 팩토리' 생산 가속",IT
"""전 여친 스토리 몰래 봐도 기록 안 남아""…인스타, 유료 요금제 내놨다",IT
탄소 묻으며 수소를 캐낸다…현무암의 1석2조 ‘마법’,IT
“완벽해야죠” “중간만 가도 뭐”…더 성공한 쪽은 뒷사람입니다,IT
"LGU+, 국가유공자·제대군인에 알뜰폰 요금제 소개",IT
"파트너에서 경쟁자로…포드, ESS 업고 K배터리 맹추격",IT
"""갤럭시 VS 아이폰, 날씨가 왜 달라?""… 기상청이 밝힌 뜻밖의 이유",IT
AI시대 'MS-엔비디아 동맹' 급부상[글로벌AI브리핑],IT
"큐리언트, 모카시클립 유방암 효능 검증 본격화…임상 2상 첫 환자 투약",IT
갤럭시Z폴드8 모형·실물 사진까지 등장…더 넓어진 화면비 주목,IT
599달러 맥북에 놀란 PC업계…윈도 반격 나섰다[모닝폰],IT
"“당분간 서학개미로 살아야”…전세계 돈 빨아들일 세 공룡, 릴레이 상장",IT
"[컴퓨텍스 2026] 아닐 난두리 인텔 ""AI 인프라, 더 넣는 시대 끝났다…제온6+·18A로 효율 승부""",IT
"앤스로픽, 오픈AI보다 먼저 IPO 신청… ‘1조달러 AI 전쟁’ 선점 나섰다",IT
"뇌 노화 늦추는 최적 수면 시간은?… 여성 6.5~7.8시간, 남성 6.4~7.7시간",IT
젠슨 황 만찬에 韓 로봇 스타트업…엔비디아 투자 접점 확대,IT
"인텔 ""에이전틱 AI 시대, CPU 중요성 다시 커진다""",IT
스트레스 받으면 ‘자폭’하는 뇌세포 지키자…방어 메커니즘 최초 규명,IT
삼성SDS 출신 대표 수혈한 엠로… 美 B2C 기업 정조준,IT
"네이버, 월드컵 중계 부분 유료로…출시 2년 치지직 수익화 시동",IT
“무릎·어깨에서 ‘뚝뚝’ 소리…언제 병원 가야 할까?”,IT
[사이언스카페] 공룡도 ‘악어의 눈물’ 흘렸다…과도한 염분 배출,IT
[비즈톡톡] 젠슨 황은 왜 처음으로 ‘코리아 나이트’를 열었을까,IT
“오픈AI보다 먼저” IPO 선수 친 앤스로픽...기업 가치 1조달러 육박,IT
"'지각생' 우려냐 '계산된 정공법'이냐…애플, 첫 스마트 안경 내년 말 출격",IT
"""안방 극장 6년 묶는다""…LG·넷플릭스 '거실 동맹'의 내막",IT
"""애플 첫 폴더블 코앞에""…삼성, '폴드 울트라'로 승부수 될까",IT
"발동 걸린 ‘빅테크 역대 최대 상장 러시’…앤트로픽, IPO 신고서 비공개 제출",IT
‘깐부 젠슨황’에 환호하는 LG·두산·NAVER…“삼전닉스 부럽지 않아”,IT
"5일 방한 젠슨황, 韓과 '피지컬 AI' 협력 어디까지?…시장 초미 관심 [AI 클로즈업]",IT
"양자클러스터, 선거 공약이 아니라 산업 전략이어야 한다",IT
"엔비디아, PC용 AI 칩 출시…인텔·AMD에 도전장",IT
오일 파워 누른 반도체 파워,IT
“주사 한 방이면 끝”… 유전자 치료제 개발 경쟁,IT
"美, 中기업 해외 자회사에도 첨단 반도체 수출 금지",IT
"최태원-젠슨 황, AI 인프라 다음 그림 그렸다",IT
"최태원·젠슨 황, 타이베이서 비공개 회동…AI 파트너십 재확인",IT
대만 달군 젠슨 황-韓기업 깐부 회동…SK·네이버와 AI 밀착(종합),IT
"젠슨 황 ""서울이 원하면 GTC 열 것...韓 로보틱스 발전에 기여 바래""",IT
"젠슨 황 ""韓 로보틱스 투자 검토⋯서울 GTC 개최도 가능""",IT
"[포착]'아이돌 스타급 인기' 젠슨황, 사인 요청 '팬'들에 닭튀김 나눔",IT
[르포] 셔터 내려가고 통제 불능에 '아찔'… 젠슨 황 '한국 파트너 나잇' 혼돈 그 자체,IT
"'방한 예고' 젠슨 황 ""韓, 로보틱스 투자 관심""...최태원 회장과 별도 회동(종합1보)",IT
"삼성 사장단, 호암상 시상식서 화기애애…전영현 ""반도체 열심히 해야죠""(종합)",IT
"""서울서 엔비디아 GTC 열고파""…젠슨황, 韓 기업에 '무한 애정'",IT
"[종합] 젠슨 황, 방한 앞두고 韓 파트너십 띄웠다…“엔비디아 생태계 핵심”",IT
"젠슨 황 ""한국 로보틱스 투자 검토…GTC 서울 개최도 가능""",IT
"‘12회는 너무 길다’ ‘1회 보다 말았다’ 이런 사람 많다더니…넷플릭스, 특단의 조치",IT
"젠슨 황 ""SK하이닉스 큰 성공 자랑스러워""…HBM 동반자 관계 재확인",IT
"""앱스토어 중심 시대 저문다""… 퀄컴 아몬 CEO가 지목한 '새 디지털 주인' [컴퓨텍스 2026]",IT
"“한국은 엔비디아 생태계 핵심 축”… 젠슨 황, 로봇 산업 협력 확대 시사",IT
"""노트북 꺼져도 밤새 일한다"" 구글, 24시간 자율AI '스파크' 출시…韓 언제쯤",IT
"[단독] 류중희 리얼월드 대표, 젠슨 황 만났다",IT
"""집 청소 무료로 해드려요""…한 스타트업의 파격 실험",IT
[카드뉴스] AI가 입시판을 뒤집다,IT
"[컴퓨텍스 2026] 인텔 ""GPU만으론 부족…에이전틱 AI는 CPU 밀도·네트워크""",IT
"퀄컴, 첫 독자 데이터센터 브랜드 '드래곤플라이' 기습 공개…""엔비디아에 도전장"" [컴퓨텍스 2026]",IT
5월 이동전화 번호이동 58만4205건…SKT로 이동 가장 많았다,IT
“하루 더 버틸걸” “또 오를 줄은 몰랐다” 20% 폭등→하루새 30% 또 폭등…난리 난 국민포털,IT
삼성 ‘차세대 신약기술’ 선점 나서...바이오벤처 펀드 4420억원으로 확대,IT
"BOE, 이달 중순 IT 8세대 OLED 양산 출하식...수율 30% 이하 추정",IT
"오스코텍, 美 아지오스와 1조원 규모 세비도플레닙 기술이전 계약",IT
"최태원, GTC 타이베이 참석⋯엔비디아와 'AI 메모리 동맹' 재확인",IT
"삼성전자, 1Q D램 점유율 38.5%로 1위…하이닉스와 격차 벌려",IT
"김승연 회장 ""한화에어로 사고, 애통한 심정""…특별대응TF 지시",IT
"결국 파업으로 가나… 카카오 노조 ""10일 부분파업·판교 집회 병행""",IT
"삼성, 스마트안경 '메타 독점' 깰까… 애플 출시 연기도 '호재'",IT
"두산에너빌리티, 사우디서 8400억원 발전소 수주",IT
AI 시대 전력 확보 나선 SK…정승일 전 한전 사장 전진 배치,IT
VC도 증시도 소프트웨어에서 피지컬 AI로… 5년 새 투자 5배 늘었다,IT
"젠슨 황이 공개한 AI 노트북용 칩... 성능은 물음표, 삼전하닉엔 이득",IT
"[AI는 지금] '가성비 AI' 다음은 코딩 에이전트…중국 AI, 韓 압박 거세진다",IT
"MS, 부산에 125MW급 데이터센터 추진...올해 10월 착공 예정(only 이데일리)",IT
"美, AI칩 중국 우회 수출 차단... 中 ‘美 제재 덕에 반도체 기술 발전’",IT
"1시간 24분마다 우주서 온 미스터리 전파, 정체는 백색왜성 쌍성계",IT
"엔비디아, 韓과 ‘AI팩토리’ 협업 강화…디지털트윈·로봇 등 훈련·검증 본궤도",IT
오스코텍도 1조 계약… 렉라자 이어 3번째 신약 기술수출 성공,IT
기업만 챙기고 우리는?…K-스틸법 앞두고 청와대 찾은 노조,IT
“성과급 기준 공개하라” 셀트리온도 창사 25년 만에 노조 출범,IT
[기업 코인 딥다이브] FNCY 접고 MBX 실수요 시험대 | 넷마블②,IT
국방AX 힘주는 네이버…‘유비파이’ 투자,IT
"엔비디아 젠슨 황 효과…네이버, 3거래일 상승률 36% 급등",IT
카톡·카카오페이 괜찮을까… 고용불안에 부분파업한다는 카카오 노조,IT
"엔비디아, 中 유니트리와 손 잡았다…휴머노이드 연구 플랫폼 공개",IT
"젠슨 황, 이번엔 성수서 ‘삼쏘 회동’…최태원·구광모·이해진 총출동",IT
"한미약품, 美 릴리에 장 질환 신약 기술수출",IT
"삼성전자, 글로벌 D램 1위 수성…""2분기 D램값 58∼63% 상승""",IT
"“어르신, 앉으세요” 동년배가 자리 양보했다…차이는 세포 나이?",IT
[DD퇴근길] 가죽 재킷 형님 젠슨 황의 네이버 사랑,IT
"“우리가 진짜 뉴토끼”… 긴급차단 시행했는데, 불법 웹툰 사이트 더 늘어",IT
"이재용 회장, 삼성호암상 5년 연속 참석…묵묵히 '인재 철학' 계승",IT
"젠슨 황, 이번주 방한…성수동 삼겹살 회동 추진",IT
엔비디아 협력부터 국방 AX까지...AI 존재감 키우는 네이버,IT
"퀄컴 ""에이전틱 AI, 모든 디지털 경험의 중심""",IT
"'상장 10년 만에 첫 상한가' 삼성SDS, 'AI 인프라'로 기업가치 재평가",IT
"버거킹 가격 올리고, 굽네 중량 줄이고…외식계 ""버틸만큼 버텼다""",IT
韓 게임사 다음 전장은 ‘로봇 두뇌’… 한화·포스코·현대로템과 맞손,IT
"수학계 80년 난제 풀어낸 AI, 생각의 ‘차원’이 달랐다",IT
"젠슨 황 ""인간 위한 CPU 아닌 AI용 CPU 만든다""(종합)",IT
"[컴퓨텍스 2026] ""휴대용 게임 핵심은 최적화 경험""…인텔 ‘아크 G3’, AMD에 도전장",IT
"엔비디아-폭스콘, 대만 의료기관에 '피지컬 AI' 투입",IT
“젠슨 황이 삼겹살 구워주나요” 이번엔 성수동 ‘삼소 회동’,IT
"카카오노조 ""경영실패 따른 매각, 분사, 구조조정 멈춰라""… 10일 부분파업 돌입",IT
"서울반도체, 글로벌 완성차에 고전압 LED 납품...완성차 4곳 양산 돌입",IT
베이조스의 ‘뉴글렌’ 폭발 후폭풍… 아마존·NASA·美 안보 위성 발사까지 흔들,IT
"삼성바이오로직스, 이직률 첫 1%대 진입…4년 만에 연봉 44% 상승",IT
"젠슨 황, 이해진 네이버 의장 만나고 분당 사옥 간다",IT
"온코닉테라퓨틱스 ‘네수파립’, 췌장암서 40개월 장기 생존 확인",IT
"오스코텍, 美 아지오스에 자가면역질환 치료제 기술이전…최대 1조 규모",IT
"SKT, 엔비디아 손잡고 반도체 제조 가상 공장 만든다",IT
"젠슨 황, 韓 기업인들과 성수서 ‘삼겹살 소맥’ 회동할 듯… KBO 시구 가능성도",IT
"""한식 로봇, 美 공항까지 점령 … K푸드 전성기는 이제 시작""",IT
"""진화하는 현대戰, AI를 확보하라"" 실리콘밸리 달군 K 방산·인프라",IT
"유튜브 영상에서 출발한 공포영화 '백룸', 북미 박스오피스 1위",IT
"""AX가 주업무라더니 막상 출근하니 딴 일만…"" 대기업 떠나는 AI인재들",IT
로보택시에도 택시면허가 기준될까…자율주행 협의체 놓고 '충돌',IT
"코스피, 8780선 돌파…젠슨 황 효과에 삼전닉스·LG·두산까지 ‘날개’",IT
카카오 결국 파업가나... 10일 4시간 부분파업 예고,IT
"""유선 시너지 못 찾았다""…LGU+, 테이블오더 '철수'하고 AI '집중'",IT
"젠슨 황, 'PC 재발명' 선언…MS와 손잡고 'AI PC'로 대변혁 예고",IT
차세대 반도체 뉴로모픽…“인간 뇌 원리 이해하면 설계 가능”,IT
"넥슨·컴투스홀딩스 후퇴? ""가상자산 시장 이탈 아닌 'IP·결제 인프라' 재정비""",IT
"한미약품, 장 질환서 조 단위 '깜짝 딜'…경영권 정비 '뉴한미' 첫 성과",IT
"젠슨 황 ""모두가 개인 에이전트 구동할 수 있게 될 것""…AI PC 'RTX 스파크' 공개",IT
"""찜한 운동화, 같이 살 것도 찾아드릴까요?”…네이버 쇼핑AI가 먼저 말 건다",IT
"네이버클라우드, 국방AX 수장에 유경범 총괄… 독자 AI 모델로 승부수[only 이데일리]",IT
“혁명의 시작” 엔비디아 신제품 뭐길래…삼전닉스 수혜 기대감,IT
이번엔 한미약품 1.7조… K-바이오 상반기 기술수출 10조 ‘역대급’,IT
젠슨 황 “대만 공급망은 에이전틱 AI 시대 여는 세계 최고 생태계” [컴퓨텍스 2026],IT
"SK텔레콤, 젠슨황 GTC 기조연설에 ‘피지컬 AI 협력사’로 언급",IT
"젠슨황 ""에이전트AI가 대세…엔비디아는 토털AI 기업"" 선언(종합)",IT
"“AI는 비용 아닌 수익”… 젠슨 황, 에이전틱·피지컬 AI 시대 선언",IT
"삼성전자, 美 법인 본사 뉴저지서 텍사스로 이전",IT
방한 임박 젠슨 황…이번엔 성수서 '삼겹살 소맥' 회동한다(종합2보),IT
'아직 갈길 먼데'...셀트리온도 25년만에 노조 출범,IT
젠슨 황 “가상세계 끝… 물리적 실제세계 피지컬 AI 시대 개막” [컴퓨텍스 2026],IT
"SKB 품은 SKT, 100% 완전자회사 전환… “합병 계획은 없어”",IT
[뉴스해설] 엔비디아·마이크로소프트 손잡고 x86 진영 정조준,IT
젠슨 황 “40년 만의 PC 대혁명… 애플·IBM 진영 바꿀 RTX 스파크 출격” [컴퓨텍스 2026],IT
"퀄컴, 로봇 개발용 플랫폼 '드래곤윙 IQ10 RDD' 공개",IT
퀄컴 '드래곤윙 IQ10 RRD' 전격 공개… 휴머노이드 로봇 시장 정조준 [컴퓨텍스 2026],IT
[김영욱의 게임 후벼파기] 中과 경쟁도 힘겨운데… AI 챗봇과도 싸워야 하는 韓 게임,IT
"엔비디아, PC 프로세서 시장 진출…인텔·AMD와 정면 승부",IT
젠슨 황 “인간 위한 CPU 시대 끝났다”…AI 연산 특화 '베라 CPU' 전격 출시 [컴퓨텍스 2026],IT
"최태원, '깐부' 젠슨 황 키노트 직접 찾아…저녁에는 해산물 만찬",IT
"""아이폰18 프로, 첫 가변 조리개 카메라 탑재""…가격 오를까",IT
"엔비디아, 베라 루빈 플랫폼 양산 시작…젠슨 황 ""AI 팩토리 엔진""",IT
"CJ 개인정보 유출 사건, 국제공조 수사 착수…쿠팡도 수사 속도",IT
"[e모션] 한화생명, 1-2R 1위 달성…T1과 MSI 진출 지름길 확보",IT
우주에는 지구보다 지옥 같은 금성형 행성이 더 흔하다? [우주를 보다],IT
"지능화되는 SK하이닉스 반도체 팹...SKT, 엔비디아와 ‘제조 피지컬 AI’ 협력성과 공개",IT
"[단독]공공기관 DaaS 써도 되나…국정원 ""원격근무용 OK, N2SF 반영 검토""",IT
중력파 관측 390건 누적… 2세대 블랙홀 발견 단서도 포착,IT
홍민택 떠난 카카오...이용자 신뢰 회복할 수 있을까,IT
아무나 안 만나는 건 본능? 침팬지도 친구 가려 만났다,IT
"'노사 협상 교착' 삼성바이오, 지난해 이직률 1.9% 최저 수준",IT
젠슨 황이 띄운 SKT…피지컬 AI 협력사로 재등장,IT
[유미's 픽] AI 인프라 격전지 된 인도…삼성·LG도 데이터센터 판 키울까,IT
엔비디아-SK ‘디지털 트윈’ 동맹...젠슨황 기조연설때 SKT도 거론,IT
"""AI 가져오면 전쟁 데이터 주겠다""…젤렌스키의 실리콘밸리 러브콜",IT
"지원금 경쟁에 밀린 알뜰폰, 가입자 순감 지속",IT
"중력파 천문학 2.0시대, 스티븐 호킹 50년 난제 풀었다",IT
창립 25년 만에 깨진 서정진 '무노조' 원칙…셀트리온 노조 출범했다,IT
"'깃허브 코파일럿' 토큰 과금 전환 시작…""비용 폭탄 우려""",IT
"한화에어로 대전사업장 폭발로 7명 사상…회사 ""수습 총력""",IT
'네이버♥엔비디아' 띄운 젠슨 황…삼성·SK·현대차도 등장,IT
화웨이 회장 “미국 덕에 중국 반도체 발전...감사하다”,IT
토요타 노조는 왜 생산성을 먼저 꺼냈나,IT
"""삼성 갤럭시S26이 공짜?""…보조금 폭탄에 알뜰폰 떠나 이통사로 턴",IT
"""화웨이 때문에 도청을 못하잖아""…2001년 미국이 이라크 폭격한 진짜 이유",IT
주목할 디스플레이 기술은…“非FMM·고이동성 옥사이드”,IT
"온코닉테라퓨틱스 ""‘네수파립’ 전이성 췌장암 40개월 이상 장기 생존""",IT
"젠슨 황, 8일 네이버 ‘1784’ 찾는다…산업용 피지컬 AI 동맹 강화",IT
"젠슨 황 ""MS와 손잡고 PC 재창조""…AI 에이전트 시대 선언",IT
"“단 20분이면 끝” 서울~부산 왕복 거뜬…1회 충전 1000km, 꿈의 전기차 나온다",IT
방한 임박 젠슨 황 CEO…서울 핫플서 '깐부회동' 재현되나(종합),IT
"김규진 타이거리서치 대표 ""韓, 아시아 '크립토 허브' 기회 남아있다"" [크립토브리핑]",IT
"젠슨 황 ""베라 루빈 본격 양산…삼성·SK·마이크론 HBM4 탑재""",IT
"인텔, 아크 G3 기반 휴대형 게임PC로 10억 게이머 정조준",IT
"엔비디아 젠슨 황 ""CPU도 새 성장동력""…AI 인프라 전방위 확장",IT
"영업익 N% 내놓으란 韓 노조에…경총, 도요타 노조 사례로 직격",IT
"""한여름도 아닌데 40도""…유럽 폭염, 우주에서 봤더니 [우주서 본 지구]",IT
수출 3개월 연속 800억 달러 초과…반도체 169.4% 증가하며 수출 견인,IT
"엔비디아 젠슨 황 ""베라 루빈, 가을 양산…AI 팩토리 시대 열 것""",IT
대전 한화에어로스페이스 폭발사고로 5명 사망·2명 중경상,IT
"‘방한’ 젠슨 황, 93번 유니폼 입을까?…시구 전망에 기대감 UP",IT
낙상 골절 어르신 10년 추적 조사…기대수명은?,IT
"MS, 빌드서 AI 에이전트 전략 공개…""개발 생태계 재편""",IT
'가정의 달' 번호이동 활기…SKT 순증 1위,IT
"“10조 시장 겨냥”… 셀트리온, 코센틱스 바이오시밀러 ‘CT-P55’ 캐나다 허가 신청",IT
"젠슨 황, 이해진 의장 만나고 네이버 1784로?…""8일 유력""",IT
단통법 폐지의 역설…오히려 통신3사 쏠림 심화,IT
"인텔 오픈비노, 피지컬 AI로 확장... ""개발 시간·복잡도 개선""",IT
"젠슨 황, 이해진 회동 이어 네이버 사옥 방문…AI 협력 논의",IT
스트레스 안 받도록 살살…‘사이보그 바퀴벌레’ 만드는 신기술 개발,IT
"인텔, 추론용 GPU '크레센트 아일랜드' 내년 출시 재확인",IT
"최태원·곽노정, 젠슨 황 엔비디아 CEO 키노트 경청",IT
"[컴퓨텍스 2026] 인텔, 로봇용 피지컬 AI 공략…오픈VINO로 현장 적용 넓힌다",IT
"인텔, 클라우드·통신사·에이전틱 AI 겨냥 제온6+ 정식 출시",IT
"[포털, AI를 입다-下] 카카오표 '실리형 AI'…""일상형 에이전트 플랫폼으로""",IT
"GM, LG엔솔 합작 전기차 배터리 공장 직원 복귀 8월로 연기",IT
"LGD, 대만서 게이밍 OLED 로드쇼 개최...모니터 세트사 20곳 대상",IT
"젠슨 황, 네이버 1784 방문 추진…이해진 의장과 AI 협력 논의 전망",IT
"SK하이닉스 청주공장서 '불'…""7명 병원 이송""",IT
"젠슨 황 만나는 이해진 ‘AI 승부수’…네이버, AX부터 국방까지 광폭행보",IT
중력파 관측 10년…'2세대 블랙홀' 존재 첫 확인,IT
카카오 첫 파업 현실화…AI 승부수 흔드는 노사 리스크(종합),IT
구글이 모기 3200만 마리를 숲속에 푸는 이유,IT
"[Why&Next]네이버, 한국형 국방AI 플랫폼 만든다",IT
"젠슨 황, 방한 때 네이버 1784 찾는다…8일 방문 유력",IT
"네이버 지도 리뷰 별점, 5년 만에 다시 뜬다…가게가 공개 여부 정한다",IT
"[르포] ""젠슨 황 굿즈 사러 왔어요""… 타이베이 뮤직 센터 흔든 'AI 팝스타' 열풍",IT
'터미네이터' 현실 되나…군사용 휴머노이드 로봇 시대 열린다,IT
"AI 시대, 전공 선택의 지형도가 바뀌다",IT
아이폰18 프로 4개 색상 모형 공개…‘다크 체리’ 새 인기색상 될까,IT
"쏠리드윈텍, 514억 규모 군 위성 통합 PBL 사업 수주",IT
"테슬라·스페이스X 합병, 테슬라 주주에게 ‘득보다 실’…왜?",IT
"[테크데이, '판'이 바뀐다]〈10〉롯데에너지머티리얼즈, AI 데이터센터용 회로박 경쟁력 조명",IT
"SKB, SKT 완전 자회사로…""합병 가능성 없다” 일축",IT
"유라클, 모바일 성공 공식 AI로 옮긴다…에이전트 표준 플랫폼 정조준",IT
"'페이커' 조모 살해협박 예고글 올라와…경찰, 수사 착수",IT
"카카오 노조 ""10일 5개 법인 부분파업""",IT
"카카오, 창사 이래 첫 파업 현실화⋯10일 4시간 부분 파업 '전운' [종합]",IT
"삼성D, 컴퓨텍스서 게이밍 OLED 16종 공개⋯4K 360Hz QD-OLED 첫선",IT
삼성 ‘갤럭시 북6 엣지’에 퀄컴 ‘스냅드래곤 X2 엘리트’ 탑재,IT
함돈희 “반도체 칩으로 수천개 뉴런 동시 측정”…최종현학술원 특별강연,IT
‘성과급 갈등’ 카카오 노조 “10일 4시간 부분파업”,IT
3달 만에 3조 싹쓸이… 삼성·SK하닉 담은 ‘혼합 ETF’ 인기,IT
“매일 커피 마시고 과일 먹었더니”…파킨슨 위험 낮아졌다,IT
"삼성디스플레이, '컴퓨텍스 2026'서 차세대 게이밍 OLED 대거 공개",IT
자회사 구조조정해가며 영업익 늘렸는데…'성과급' 더 달라는 카카오 노조 [분석+],IT
젠슨 황 만나는 이해진 ‘AI 승부수’…네이버 ‘국방-피지컬AI-인프라’ 광폭행보,IT
전기차 1회 충전 1000km시대 성큼…실리콘 음극재 난제 풀었다,IT
"""한국 AI 안보인다고?"" SK하이닉스 성공 비결에 '국산 AI, 독파모' 있다",IT
"美상무부, 첨단 AI칩 中우회 수출 막는다…“중국 자회사도 포함”",IT
삼성SDS·LG CNS 주가 '불기둥'…AI 인프라 성장 기대감 고조,IT
"카카오, 창사 첫 파업…노조 “10일 4시간 부분 파업”",IT
"카카오 노조 ""10일 4시간 부분파업 진행…추후 수위 강화""(종합)",IT
“10일 부분 파업” vs “도저히 수용 불가” 강대강 카카오 막판 협상 돌입,IT
두쫀쿠·버터떡 8만개 몰래 만들었다…불법 제조·유통 일당 적발,IT
"온코닉테라퓨틱스, 전이·진행성 췌장암 '네수파립' 추가로 40개월 넘게 생존",IT
"서울반도체 고전압 광반도체, 글로벌 완성차 4개社 공급",IT
"기술패권 무한경쟁…""선수인 연구자 이끌 '감독' 키워야""",IT
"지2터치, 페라리 '루체(LUCE)'에 터치 IC 공급",IT
"[AI픽] K-AI, 반도체 공장부터 원전까지 들어갔다",IT
"아인슈타인 예언 증명 10년…인류, '30억 광년' 블랙홀 충돌까지 다 본다",IT
"[AI는 지금] 홍콩서 400% 뛴 中 미니맥스, 본토 상장 시동…AI 투자판 커진다",IT
“경영진 중심 보상체계 개선해야”…카카오 노조 ‘전면 파업’까진 안한 이유는,IT
韓 흥행작 中 공략 러시…성공 사례 나올까,IT
"네이버 AI, 하늘 날아오른다…글로벌 드론 강자 '유비파이' 전격 투자",IT
"네이버클라우드, 국방 AI 전담 조직 띄운다…군 특화 AX 시장 정조준",IT
"[속보]카카오 노조, 10일 부분 파업…""교섭 상황 따라 파업 수위 강화""",IT
"카카오 노사 갈등, 끝내 파업으로…노조, '4시간 부분파업' 예고",IT
"“단 한 번 20분 충전으로”…전기차, 서울∼부산 왕복 주행",IT
"서울대병원, 진료부원장에 김용진·분당서울대병원장에 전영태 임명",IT
"카카오 노조 ""6월 10일 4시간 부분 파업"" 예고",IT
"[주간 클라우드 동향 5월⑤] ""GPU 쌓는 시대 끝났다""…AI 인프라 전쟁 후반전 열쇠는 '네오클라우드'",IT
"보험사 발목 잡는 'IT 재코딩'… SAS, 단일 플랫폼으로 병목 푼다",IT
"퀄컴, 갤럭시북6 엣지에 스냅드래곤 X2 엘리트 공급",IT
"머스크·베이조스 로켓들 ‘추락, 펑’…미국의 ‘달 도시’ 개문발차 신세",IT
"카카오 창사 첫 파업 현실화…노조 ""10일 5개 법인 4시간 파업""(종합)",IT
"카카오 노조, 10일 4시간 부분파업 돌입…수위 강화 예고",IT
"코스피, 장중 첫 8600 돌파…삼전 웃고 SK하닉은 숨고르기",IT
[속보] 카카오 노조 “10일 4시간 부분 파업”,IT
"인텔·AMD·퀄컴 안방 노린다…엔비디아, 독자 칩 윈도우 PC 최초 공개",IT
항암제로 ‘우울증·기억장애’ 예방 성공…신개념 뇌질환 치료제 나온다,IT
"인간보다 10배 빠른 눈과 팔… AI, 두뇌 넘어 육체 스포츠까지 접수[Science]",IT
하프마라톤 뛴 로봇… 넘어져도 인간 세계기록 7분 앞서[Science],IT
"애플, 신형 애플 TV 및 홈팟 미니 하드웨어 개발 완료",IT
"""챗GPT처럼 쓴다""…애플, iOS 27서 시리 앱 독립·AI 동기화 강화",IT
"소프트뱅크, 프랑스에 132조원 AI 베팅…유럽 최대 데이터센터 짓는다",IT
"""제2의 애플워치 만든다""…애플, 메타 겨냥한 스마트 글래스 개발 가속화",IT
"[사이테크+] ""사슴 몸에 정착하면 날개 떼고 시각 민감도 낮추는 흡혈 곤충""",IT
당근부동산서 집 구하는 데 평균 2.4개월…30대가 가장 신중했다,IT
"“실패해도 22조짜리 불꽃놀이”… ‘원신’ 미호요, 풀스택 AI 기업 선언",IT
"방사청, 드론 잡는 ‘천광' 핵심부품 국산화 성공",IT
"""아키텍처는 분산, 발주는 통합""…2967억 K-에듀파인 3세대 사업 발주 방식 도마에",IT
"비트코인 낙관론 정점…""단기 조정 가능성""",IT
"AMD, 소켓 AM4용 라이젠 7 5800X3D CPU 재출시",IT
AI보다 중요한 건 ‘안경빨’…스마트 글라스의 진짜 승부처 [스마트폰 끝내러 온 AI 안경]②,IT
"보로노이, 차세대 폐암 표적치료제 ‘VRN11’ EGFR 뇌전이 환자서 종양 완전 소실 사례 확인",IT
"포스텍-서울대·LG엔솔, 충·방전 반복해도 안깨지는 실리콘 배터리 소재 개발",IT
"티움바이오 ‘토스포서팁’, 두경부암 1차 치료 시장서 '베스트인클래스' 잠재력 제시",IT
"프레스티지바이오파마, 췌장암 신약 ‘PBP1510’ 임상 2a상 진입 로드맵 구체화",IT
"애플, 웨어러블 혁신 재도전…애플글래스 개발 박차",IT
"대한조선, 수에즈막스 연속 수주…올해 15척 확보",IT
"노타, 엔비디아 손잡고 '피지컬 AI' 영토 확장…산업현장 바꾼다",IT
"""손흥민은 무료, 메시는 유료""…네이버의 월드컵 승부수 통할까",IT
"렌터카업계 ""자율주행 협의체서 배제…제2의 타다 사태 우려""",IT
"한미약품, 릴리에 비만신약 후보물질 1.9조원 규모 기술이전",IT
"'입원실 남녀 구별 의무 폐지' 논란에…복지부 ""현행 유지""",IT
웹툰만 팔던 회사 아니다…스튜디오N 앞세운 네이버웹툰 '한국판 디즈니' 꿈 성큼,IT
반도체 다음은 '이것'?…피지컬 AI 열풍에 시총 두 배 뛴 이유,IT
두 손이 자유로운 세상…AI 안경이 스마트폰 삼킬까 [스마트폰 끝내러 온 AI 안경①],IT
"웨이모·에이비스는 손잡았는데…자율주행 협의체, 렌터카 '퇴짜'",IT
[비즈人워치]200만 조회수 터뜨린 '이 부장'…삼성SDS의 휴먼마케팅,IT
"""젠슨 황, 93번 유니폼 입고 잠실 마운드 오르나""…프로야구 시구 야구팬·재계 촉각",IT
"[포털, AI를 입다-上] 검색창을 ‘실행창’으로…네이버 AI, 진짜 무기는?",IT
나는 왜 AI가 쓴 글이 힘겨울까,IT
"‘기포 병목’ 뚫어…KAIST, 그린수소 생산 효율성 ‘세계 최고’ 선점[D:로그인]",IT
"아이폰 다음은 안경?…애플, AR 없이 내년 말 출시설[모닝폰]",IT
메모리값 폭등에 원가부담 '쑥'...속 타는 삼성·LG,IT
"[단독]네이버, 국방 AI 시장 본격 진출…전담 조직 띄운다",IT
"코스피 ‘키맨’ 삼성전자, 초격차 너머 ‘초월성장’",IT
한국이 미중 AI 격전지로…중국 AI 공세 거세진다,IT
답변 4개 중 1개는 구매로…구글 공습에 AI탭으로 맞서는 네이버,IT
메모리 가격 두배 폭등하자 삼성·LG 전자제품 원가부담 껑충,IT
"희비 엇갈린 클라우드서비스 업계… 메가존클라우드·베스핀글로벌, CEO 취임 1년 성적은",IT
폰 안 꺼내고 찰칵… 메타가 키운 ‘스마트 안경’ 구글 맹추격,IT
[비즈톡톡] 삼성SDS가 두나무 지분에 1532억원 투자한 이유는,IT
비만치료제 다음은 ‘이것’… 빅파마는 100조 유전자 치료제 시장에 ‘올인’,IT
"""한국전만 공짜""…네이버, 북중미 월드컵 '부분 유료화' 승부수",IT
"韓에 AI 문호 개방한 오픈AI ""앤트로픽과는 달라""",IT
"'공공 최대' 우본 DaaS 사업, 재수에도 흥행 저조…NHN vs KT 2파전?",IT
"[기고]'바이브 코딩'의 시대, 왜 우리는 여전히 플랫폼을 말하는가?",IT
"[김남석의 개미생활] 삼전·SK하닉 ‘N% 성과급’, 과연 나라 망칠까",IT
"'1200명 집회' 카카오 노조, 이번주 '투쟁수위' 결정…파업 분수령",IT
대만 언론도 놀란 젠슨 황의 '한국 편애'… 안방서 한국 먼저 챙긴 의도는? [컴퓨텍스 2026],IT
이번엔 하이닉스가 “우리도 대출 5억 달라”… 보상 치킨게임 악순환,IT
"엔비디아, PC칩 시장 진출… AI 생태계 넓힌다",IT
블루오리진 로켓 폭발 후폭풍… NASA 달 탐사 계획 흔들리나,IT
"2027년도 요양급여비용 계약, 6개 단체와 체결…1.6% 제시받은 '의원' 결렬",IT
"“만년 저평가, 결국 손절했더니” 하루 새 갑자기 ‘폭등’ 난리났다…30% 상한가 줄행진",IT
한글 쓰듯…‘모두의 AI’ 연내 쓴다,IT
‘발’ 필요 없다?…우주에 최적화 ‘손’ 4개 달린 휴머노이드,IT
"무인 방산장비, 공중 이어 육상으로 확장…‘로봇 탱크’ 첫선",IT
수십 톤 실은 대형 화물기가 알아서 이착륙…자율 비행 AI ‘멀린 파일럿’ 등장,IT
"민테크, '전고체·수소전지·태양광' 첨단 소재 개발 자회사 설립",IT
"네이버, '국방 AX TF' 신설…군 전용 AI 두뇌 만든다",IT
부산 롯데백화점 식품관 천장 붕괴...150여명 대피,IT
[콘텐츠 큐레이션] 때 이른 무더위 날린다…등골 오싹 웹툰·OTT 4선,IT
“목 건강보험 도입하겠다”…‘32도 땡볕’ 대전 투표소에 2만명 몰린 이유,IT
“치킨 하루 50마리 팔면 많이 판 건가요?” 사장님 ‘한탄’…유독 ‘돈 못 번’ 이유 알고 보니,IT
"[단독]이제는 첨단전 시대...네이버, ‘소버린 AI’ 앞세워 국방시장 정조준",IT
"삼전하닉, 앤스로픽에 투자하고 메모리 팔면 시장 선도? 순환거래?",IT
"엔비디아, PC 칩까지...GPU뿐 아니라 CPU·소비자 시장까지 독식 야심",IT
배경훈 “수년 내 AI가 AI 만든다”… 미·중급 ‘프론티어 AI’ 독자 개발 선언,IT
“AI가 전쟁 브레인”…글로벌 시장 2030년 200억弗 급성장,IT
“반의반 값에 판다는데 월가 환호”…마운자로의 무서운 계산법 [오찬종의 매일뉴욕],IT
"[단독]네이버, 국방AX 전담조직 신설...軍 AI 플랫폼 구축 나선다",IT
실탄 채우는 中 첨단 굴기 … 美빅테크 추격,IT
"1440조 가치 앤스로픽, 창업자 7명도 '돈방석'",IT
"배경훈 ""미·중 맞먹는 고성능 AI 모델 도전""",IT
"옵트론텍, 모바일 넘어 전장으로 광학부품 영토 확장…“포트폴리오 다변화”",IT
삼성·LG 제조 자동화 속도…계열 로봇사 성장세,IT
"삼성전자, 와이드폴드 첫 3개월 생산계획 확대…폴드8 수준",IT
엔비디아 CPU 탑재한 첫 윈도 PC 나온다… MS·Arm 협력,IT
[기획] 앤트로픽 꽉 잡은 ‘삼전닉스’… 수주·투자수익 두토끼 노린다,IT
"셀트리온·한미약품, ‘근육 손실 막는 비만약’ 임상시험 속도전",IT
"“거대 AI 기업 IPO, 창업자 중심 지배구조가 인류 미래 통제권으로 이어질 수 있다”",IT
"소프트뱅크, 프랑스에 132조원 투자…“AI 인프라 허브 짓겠다” [팩플]",IT
삼전·SK하닉 36조 던진 외국인…코스닥은 2.8조 ‘싹쓸이’,IT
"[이내찬교수의 광고로 보는 통신역사]〈59〉LLM 핵전략 시뮬레이션의 교훈: 전쟁을 빠르고, 똑똑하게 만드는 기술을 경계",IT
"임금협상 앞둔 SK하이닉스, 관건은 주택자금?… 삼성전자가 기준 되나",IT
"""통신은 모든 산업 기반…피지컬AI 시대 열리면 통신 의존도 더 커질 것""",IT
“앤스로픽 주식으로 집 사세요“...AI 붐에 메가 IPO까지 치솟는 실리콘밸리 집 값,IT
K-AI 국가대표 경쟁 본격화…업스테이지 “AAII 40 넘었다”,IT
"[강민성의 헬스토리]술, 긍정적인 효과도 있지만…WHO “딱 한 잔도 암 위험 높여”",IT
"MSI, 인텔 아크 G3 탑재 게임PC '클로8 EX AI+' 공개",IT
"[김영욱의 테크&가젯] ‘오렌지’ 빠지고 ‘레드’ 들어온다…9월 공개 ‘아이폰 18 프로’, 무엇이 달라지나",IT
"中 연구진, 돼지 간·신장 2개 동시에…인간 이식 세계 첫 성공",IT
블루오리진 ‘뉴글렌’ 대형 폭발…아마존·NASA까지 직격탄,IT
"'거리뷰'에 박제된 유재석…네이버, 예능으로 지도 띄운 이유",IT
"블루오리진 로켓 폭발에...“美,달 불안(Moon Anxiety) 시작됐다”",IT
"구글 딥마인드, 로보틱스 인재 확충…아틀라스 연구 리더 또 합류",IT
[컴퓨텍스 2026] 미리보기 ㊦ 거인들이 짜놓은 판… K-반도체·디스플레이 '최종 병기' 들고 출격,IT
"HBM 판 뒤집은 삼성전자…""500조·59만전자 직행""",IT
AI 해킹 위협은 상대 안 가리는데…망분리 완화 소외된 중소·핀테크,IT
"삼성·SK, 美앤트로픽에 조단위 투자…HBM 이어 AI칩 협력",IT
‘아시아 최대 IT 전시회’ 컴퓨텍스 개막 D-2… ‘테크 빅샷’ 대만 집결,IT
“석유 없이도 미생물론 나일론 생산”...카이스트 연구팀 개발,IT
"“AI가 AI 개발하는 시대 온다”…과기정통부, AGI급 프론티어 모델 도전",IT
“달 기지에는 우주인 몇 명이 살아야 최적일까” [달콤한 사이언스],IT
"""아무도 성공 못했는데 한국은 해냈다""…'전설의 심해어' 50만마리 세계 최초 부화",IT
나사 ‘달 탐사’ 6개월 이상 차질 전망…블루 오리진 로켓 폭발 여파,IT
"스마트 안경 다음은 ‘AI 목걸이’…메타, 웨어러블 승부수",IT
인텔 ‘아크 G3’…휴대용 PC 게임 시장에 새로운 다크호스가 나타났다 [고든 정의 TECH+],IT
“피지컬 AI 전장 확대…RFM 주도권 경쟁 본격화”,IT
美 학군 한 곳에만 406억…인스타·유튜브 ‘청소년 소송’ 줄줄이 대기,IT
"SK하이닉스 노사, 내달 임금협상 돌입… ‘주택대출 5억원’ 등 복지 쟁점 부상",IT
"배경훈 ""AI 풀스택 공급 국가로 도약…韓 프런티어 모델 도전""(종합)",IT
안센 'K-방수' 국제 표준 타고 글로벌로 '훨훨',IT
고수익 '우버 프리미엄 밴' 깜깜이 선정 논란…법인택시 업계 불만 고조 [only 이데일리],IT
삼성전자·SK하이닉스 사장급 임원 자사주 가치 1012억원… 수익률 최대 400%,IT
"삼성·SK, 앤트로픽에 조단위 투자…“AI 전략적 협업”",IT
위협 딱지 떼고 선거 도구로…6·3 지선 파고든 AI,IT
"[우주항공 룩업] 페리지에어로, 소형위성 발사체 정조준…기대·우려 교차",IT
"""450도 초고온 용광로 작업, 로봇이 해결""…포스코DX, 지능형 자율제조 준비",IT
“먹방 너무 식상하다했더니” 12주 최장 시청률 0% 신기록…무너지는 유료방송,IT
[르포] 대만 AI 반도체 심장부 '신주과학단지'를 가다,IT
배경훈 “저궤도 위성 투자 규모·시기 검토 중… AI 인프라는 국산 NPU 확산에 집중”,IT
"[일문일답] 배경훈 ""韓도 프론티어급 범용 AI모델 만들어야""",IT
"과기부 ""휴대폰 안면인증 예정대로""…개인정보위 권고 반영해 보완",IT
과기부총리 1년…배경훈 “AI 3대 강국 기틀 다졌다”,IT
"삼성전자, 車 메모리 첫 세계 1위…마이크론 제쳤다",IT
컴퓨텍스 2일 개막…젠슨 황 韓 기업 회동에 관심,IT
세계 최고 과학자 모셔온다…‘톱티어 비자’ 교수·연구원까지 확대,IT
"네이버 AI 검색 'AI 탭', 개인정보위 사전검토 통과…개인화 검색 서비스 출시 청신호",IT
"“수년 내 AI가 AI 만든다”... 배경훈 부총리, 미·중급 ‘프론티어 AI’ 정면승부 선언",IT
"""한 번 떠난 연간 구독자는 안 돌아온다""...방어팁은?",IT
"""30년 된 우체국 뜯어고친다""…AI·로봇 입는 우정사업 AX 2030",IT
‘K-콘텐츠’가 바꿔놓은 시장 판도...불닭부터 굿즈까지 [서울포럼 2026],IT
"배경훈 부총리 ""美·中급 AI 필요⋯국민 1인 1 AI 에이전트 시대 준비"" [일문일답]",IT
배경훈 부총리 “韓도 美·中급 프런티어 AI 도전할 때”… AI 전략판 넓어진다,IT
"배경훈 ""한국도 미토스급 프론티어 모델 개발해야…GPU 26만장도 부족”",IT
"""AI 에이전트 시대 빨리 준비해야""...연내 전국민 AI 무료로 쓴다",IT
“착한 미생물 등장” 석유없이 친환경 ‘나일론’ 원료 만든다,IT
"배경훈 부총리 ""한글·산수처럼 누구나 쓰는 '무료 AI', 연내 만든다""",IT
"배경훈 “GPU 부족하다는 말 안나와, 모두가 AI 에이전트 쓰도록 할 것”",IT
"中 나트륨이온 배터리, 테슬라 리튬이온 수준 성능 갖췄다",IT
"'탄소 다량 배출' 나일론 원료, 친환경 생산 가능성 열린다",IT
"부처 승격 1년 과기정통부…배경훈 ""정책 성과 창출 주력"" [현장+]",IT
"배경훈 과기부총리 ""R&D 평가, 전문가 진단형으로…기업과 처우 격차 문제 논의중""",IT
"AI 3강 달성했지만…배경훈 ""이젠 프론티어급 도전할 때""",IT
"배경훈 ""AI 3대 강국 순항…오픈AI·엔비디아도 우리나라 주목""",IT
"개인정보위, '민감정보 보호' 전제 네이버 AI 탭 의결",IT
"""GPU 이젠 부족하지 않아... 독자 AI 모델은 11월부터 무료 서비스""",IT
석유 대신 미생물로 나일론 원료 만든다,IT
"GPU 26만장·AI 기본법…과기정통부, 1년 성과 공개",IT
[컴퓨텍스 2026] 미리보기 ㊤ 젠슨 황이 쏠 신호탄…타이베이 장악할 AI '거인들의 입',IT
"부총리 격상된 과기정통부, AI고속도로 깔고 역대 최대 R&D 추진",IT
"""한 통도 안 놓치겠다""…자살예방전화 109, 상담사 97명 즉시 충원",IT
세계 석학에 '톱티어 비자' 문 연다…교수·연구원까지 확대,IT
"""중간에 연구 바꿔도 된다""…과기부, 줄 세우기 평가제 전면 혁파",IT
"""환자분, 지금 상태가 어떠세요?""…AI가 쓰고, 보내고, 연결했다",IT
"미생물로 나일론 원료 만든다…KAIST, 석유화학 대체 길 열어[과학을읽다]",IT
"""정치 성향·건강 정보는 쓰지 마라""…네이버 AI 검색에 정부가 내린 조건",IT
"""글로벌 테크 인재 잡아라""…‘톱티어 비자’, 교수·연구자까지 확대",IT
바이오헬스 수출·외국인 환자 유치 모두 역대 최대…李정부 1년 성과,IT
지식인서 메이트로…네이버의 25년간 창작자 지원 실험,IT
"우주AI 기업 텔레픽스, 인도와 손잡고 초저궤도 시장 진출",IT
6월 파업 앞둔 카카오…韓에 AI 문호 개방한 오픈AI[뉴스잇(IT)쥬],IT
"삼성전자, 美 마이크론 제치고 차량용 메모리 시장 첫 1위",IT
"삼성전자·SK하이닉스, 앤트로픽에 조 단위 투자… 메모리 넘어 로직 칩 협력 기대",IT
[가상자산 나침반] 비트코인 약세·ETF 자금 이탈…이번주 美고용지표 변수,IT
[AI 고속도로] AI 열풍 탄 '네오클라우드'…인프라 새 전장으로,IT
"美빅테크, '초단기' AI 모델 출시 경쟁…품질 관리·신뢰성 검증 부담",IT
"카카오, ‘카톡’ 조직 이원화…CPO 체제 사실상 종료",IT
"엔씨, 리니지2M 中 서비스 6월 24일 개시",IT
[챗ICT]삼성전자 뛰어넘은 게임사 영업이익률,IT
"HLB, ASCO 2026서 허가 앞둔 간암·담관암 신약 소개",IT
[ZD브리핑] 대만서 '컴퓨텍스' 개막...MS는 '빌드' 개최,IT
"삼성전자, 차량용 메모리 첫 1위… 마이크론 제치고 점유율 40%",IT
"넷마블 '솔: 인챈트', 1차 캐릭터명 선점 조기 마감에 2차 진행",IT
[서울포럼 2026] “매일 쓰는 내비도 디지털 트윈”…관건은 제조현장 적용,IT
"""SNS가 정신건강 해쳤다""…메타·틱톡 2700만 달러 합의금 지급",IT
"보이스피싱 넘어 로맨스 스캠까지…FIU, 의심계좌 거래정지 확대",IT
美 달 기지 건설 '제동'…블루오리진 로켓 시험중 폭발,IT
“국내 기업 76% 생성형AI 도입…평균 4.4개 솔루션 검토”,IT
"""마이크론 제쳤다""…삼성전자, 車 반도체 첫 1위",IT
"삼성바이오에피스, ‘아일리아’ 바이오 시밀러 출시…유럽 공략 가속화",IT
"고해성사 하는 AI, 용서를 배울까[한세희 테크&라이프]",IT
"""아이도 안심하고 볼 수 있게"" OTT별 자녀 보호 기능 비교",IT
"얌브랜즈, 피자헛 매각 협상…롱레인지와 독점 논의",IT
"[100세건강] '금연의 날'…폐에 숨겨진 경고 보며, 비흡연자 보호",IT
"“우주 강국 도약, 민군 협력이 답”… STEPI, 우주산업·방산 연계 전략 논의",IT
삼겹살 먹는 도중 비타민C 드시는 아빠…“이러면 효과가 있나요?” [MK약국 x 약들약],IT
“50만원→고작 5만원” 하루 만에 ‘품절 사태’…너무 싸다했더니 결국 실적 ‘쇼크’,IT
"건설연, '분양가 상승 원인' 데이터로 분석...“공사비만 한정해 원인 찾지 말아야”",IT
해킹 공포 딛고 진화…'하드웨어 방패' 입는 가전,IT
"배민, 애플페이 해외카드 결제 지원…외국인도 손쉽게 주문 가능",IT
"'AI 투게더' 앞세운 컴퓨텍스 2026 개막...젠슨 황, 韓기업 회동 주목",IT
[AI위클리] AI 일상 침투 빨라졌다…보안·웨어러블 대격돌,IT
"中 엔진AI, T800 휴머노이드 양산 돌입",IT
"넷마블, ‘솔: 인챈트’ 캐릭터명 1차 선점 15분 만에 마감",IT
"LG유플러스, 사내 업무망 ‘와이파이 7’ 전환…단일 네트워크 구축",IT
6G 장비 경쟁 본격화…“상용화 넘어 산업 패권 잡아라”,IT
"큐노바, 국내 최초 양자컴퓨팅 기술 글로벌 기업에 수출",IT
"LGU+, 사내 무선망 와이파이7으로 전환",IT
"LGU+, 사내망 전면 개편…'와이파이 7' 시대 연다",IT
물자 수송로봇 개조해 미사일 ‘퉁퉁’···‘로봇 탱크’ 첫 등장,IT
대형 항공기에도 자율 비행 시대 성큼…조종실 사라질까,IT
"우주 개발…실패와 도전, 도전과 성공의 과정에서 성숙한다 [지금은 우주]",IT
"삼성바이오에피스, 유럽 직접판매 확대…'오퓨비즈' 출시",IT
"""전세계 국방AI 통제 없이 도입…인류에 위협""",IT
미생물에 따라 뼈 분해 정도 달라진다,IT
[신간] 게임 인문학: 게임으로 인간과 세계를 읽다,IT
대기업은 직접 만들고 스타트업은 구독료 지원… 韓 기업 AI 사용 풍속도,IT
"메모리 다음은 기판·MLCC…삼성전기·LG이노텍, AI 수혜",IT
"스마일게이트, 2.8조 AI 데이터센터 짓는다…NPC도 AI로 진화",IT
"[르포]""보고 느끼고 즐긴다""…넥슨뮤지엄, 유저들의 30년 일기장",IT
발 없이 손만 4개…이 기괴한 휴머노이드가 우주로 올라가는 이유는? [영상],IT
카카오 창사 첫 파업 위기 고조...물밑 협상에 한가닥 희망,IT
'불기둥' 삼전닉스 주요임원 자사주 수익률 보니…최대 400%,IT
[AI픽] 랜섬웨어도 장바구니에…AI 해킹 산업 된 다크넷,IT
파업 초읽기 들어간 카카오 노조…단체행동 전 열흘이 '분수령',IT
차세대 12단 고대역폭메모리 첫선 보인 삼성전자… TSMC 성과급 인상 내부 쇄신 [위클리반도체],IT
[KISTI의 과학향기]한국 정유사들이 중동산 ‘중질유’를 선호하는 이유는?,IT
[李정부 1년] 의사 늘리고 1조 투입 '지역·필수·공공' 의료 복원 시동,IT
"""도수치료 4만원"" 관리급여 전환 앞두고 의료계 반발 확산",IT
[李정부 1년] 방미통위·방미심위 출범…방송 현안 재정비,IT
카카오 CPO 체제 사실상 종료…카톡 조직 쪼갠다,IT
[뉴스페이스] ② 커지는 K-우주 생태계…스타트업도 로켓 경쟁,IT
[뉴스페이스] ① 스페이스X가 연 민간 우주시대…한국도 가능할까,IT
"[AI혁명](201)이노보테라퓨틱스 대표 ""AI, 신약 개발 시행착오 줄여""",IT
5월 마지막 OTT 신작은…추리·스포츠·공포 출격 [콘슐랭],IT
[인터뷰] 히로시 노구치 ST마이크로 아시아태평양 수석부사장 “피지컬 AI에서 기기 인식·추론·제어 기능 높여”,IT
“더 공부하라는 말은 거짓말이 되었다”…AI가 끊어버린 사다리,IT
게임산업 갉아먹는 허위정보…엔씨 '원칙 대응'이 남긴 것,IT
OTT가 장바구니 물가 올렸을까…넷플릭스 요금 인상 공포의 반전,IT
[AI클로즈업] 셀바스AI는 의료기기 전문기업?…정책사업으로 전 분야 AX 수요 ‘호시탐탐’,IT
"SK하이닉스도 임협 시즌…""우리도 주택대출 5억"" 요구 부상",IT
AI에 밀리는 SaaS?…기업용 SW 경쟁력은 ‘데이터·거버넌스’,IT
카카오에 필요한 건 ‘회복의 리더십’이다 [김현아의 IT세상읽기],IT
"통신 3사, AI 기반 新성장 동력 발굴에 사활…AI 서비스 차별화 가속",IT
"23년 전 모습 그대로…'걸그룹 비주얼' 하지원, 음악방송 깜짝 등장",IT
"일본도 AI 도입 본격화…후지쯔, 앤트로픽과 맞손",IT
"카카오게임즈 '패스 오브 엑자일 2', 신규 확장팩 '고대의 귀환' 출시",IT
데이터 칸막이 허무는 국가데이터법…조율 실패 시 공염불 우려도,IT
제니 쓴 '그 안경' 한국 상륙…삼성도 구글 손잡고 '승부수' [테크로그],IT
PC용 D램가 20달러 '역대 최고'…낸드 17개월 연속 상승 [1일IT템],IT
지방선거 최종 사전투표율 23.51%...1050만명 참여했다,IT
"국산 부품으로 만든 400만원대 로봇손…美 로멜라, 오픈소스 핸드 공개",IT
"“30만원→3만원, 완전 망했어요” 대박 날 줄 알았더니 ‘낭패’…콘텐츠의 추락",IT
"‘99만원→254만원’ 가격 폭등에…4년 넘게 안 바꾸고 버텼다, 출하량 ‘역대급’ 추락",IT
학벌도 학위도 없이 실리콘밸리 유니콘 만든 美 청년의 비결 [김현지의 with AI],IT
‘5G SA’ 투자 글로벌 확산세...클라우드 아키텍처 효과,IT
"델, AI 서버 호황에 '깜짝 실적'…주가 2018년 이후 최대 급등",IT
"""스타링크 전송 용량 늘리면 2034년 1억 가입자 거느릴 수도”",IT
"1분기 美 스마트폰 시장 '주춤'…모토로라, 유일한 성장세",IT
반도체 패권 전쟁은 '21세기판 삼국지'…천하통일은 불가능? [커버스토리],IT
사전예약 4분 만에 마감...IPX 'NCT 위시니니 하우스' 팝업 가보니,IT
폭염에도 빈익빈 부익부?…자본이 생존 좌우하는 기후불평등 시대 [사이언스 브런치],IT
“인간 성장 없는 AI는 무의미…과의존·종속 막아야” [서울포럼 2026],IT
"""16세 미만 인스타 금지?""…지선 흔드는 '청소년 SNS 브레이크'[SNS 경고등下]",IT
“여행 출발부터 지친다” 공항 곳곳에 줄서기 기둥…근데 그거 뭐지? [그거사전2],IT
출시 7년차 장수 게임인데…업데이트만으로 일본서 역주행 궤도 올린 넷마블,IT
"""말리지 않으면 밤새 본다""… 숏폼 도파민에 갇힌 아이들[SNS 경고등上]",IT
서울포럼서 쏘아올린 휴머노이드 난제...“로봇이 소주 따르려면 물리학 원리 알아야”,IT
"""애플, 1분기 美스마트폰 시장 60% 점유...삼성 갤S26 지연 출시 수혜""",IT
김주호 스킬벤치 창업자 “AI 활용도 따라 직원 생산성 3.5배 차이”,IT
"AI 시대, 해커도 더 똑똑해 졌다…""데이터 통제 못하면 뚫린다""",IT
내년 의료수가 평균 1.65% 인상…의원급은 협상 결렬,IT
"내년 건강보험 의료수가 1.65%↑, 1.2조 소요…의협 협상은 결렬",IT
"""건강하려고 갈아 마셨는데…"" 스무디에 바나나 넣자 뜻밖의 결과",IT
"엑스박스, 게임패스 가격 인하 효과 톡톡…""구독자 늘었다""",IT
"""빛으로 데이터 전송""…엔비디아가 주목한 ‘광학 기술’",IT
